Date,High,Low
2010-09-09 16:00:00,102.5,101.14
2010-09-10 16:00:00,101.86,101.3
2010-09-13 16:00:00,103.14,102.5
2010-09-14 16:00:00,103.48,102.38
2010-09-15 16:00:00,103.38,102.4
2010-09-16 16:00:00,103.32,102.7
2010-09-17 16:00:00,103.88,103.02
2010-09-20 16:00:00,105.04,103.46
2010-09-21 16:00:00,105.44,104.28
2010-09-22 16:00:00,105.04,103.96
2010-09-23 16:00:00,104.34,103.12
2010-09-24 16:00:00,104.9,103.87
2010-09-27 16:00:00,104.98,104.34
2010-09-28 16:00:00,105.02,103.42
2010-09-29 16:00:00,104.91,104.22
2010-09-30 16:00:00,105.68,103.96
2010-10-01 16:00:00,105.16,104.16
2010-10-04 16:00:00,105.26,103.5
2010-10-05 16:00:00,106.2,104.82
2010-10-06 16:00:00,106.28,105.62
2010-10-07 16:00:00,106.5,105.32
2010-10-08 16:00:00,106.74,105.66
2010-10-11 16:00:00,106.84,106.28
2010-10-12 16:00:00,107.24,105.74
2010-10-13 16:00:00,108.28,107.24
2010-10-14 16:00:00,107.82,106.8
2010-10-15 16:00:00,108.08,106.72
2010-10-18 16:00:00,108.44,107.44
2010-10-19 16:00:00,107.68,106.02
2010-10-20 16:00:00,108.16,106.94
2010-10-21 16:00:00,108.76,107.31
2010-10-22 16:00:00,108.2,107.94
2010-10-25 16:00:00,109.28,108.46
2010-10-26 16:00:00,108.55,107.88
2010-10-27 16:00:00,108.22,107.22
2010-10-28 16:00:00,108.82,107.76
2010-10-29 16:00:00,108.42,108
2010-11-01 16:00:00,109.42,107.76
2010-11-02 16:00:00,109.42,108.86
2010-11-03 16:00:00,109.66,108.32
2010-11-04 16:00:00,111.8,110.74
2010-11-05 16:00:00,112.3,111.68
2010-11-08 16:00:00,112.08,111.5
2010-11-09 16:00:00,112.3,110.8
2010-11-10 16:00:00,111.6,110.32
2010-11-11 16:00:00,111.28,110.42
2010-11-12 16:00:00,110.86,109.38
2010-11-15 16:00:00,110.52,109.64
2010-11-16 16:00:00,109.02,107.47
2010-11-17 16:00:00,108.45,107.78
2010-11-18 16:00:00,109.92,109.08
2010-11-19 16:00:00,109.94,109.03
2010-11-22 16:00:00,109.8,108.58
2010-11-23 16:00:00,108.64,107.92
2010-11-24 16:00:00,109.77,108.94
2010-11-26 16:00:00,109.4,108.82
2010-11-29 16:00:00,109.16,107.66
2010-11-30 16:00:00,108.86,107.82
2010-12-01 16:00:00,110.74,109.88
2010-12-02 16:00:00,112.1,110.74
2010-12-03 16:00:00,112.46,111.64
2010-12-06 16:00:00,112.42,112
2010-12-07 16:00:00,113.38,112.2
2010-12-08 16:00:00,112.74,111.96
2010-12-09 16:00:00,113.34,112.67
2010-12-10 16:00:00,113.88,113.22
2010-12-13 16:00:00,114.44,113.82
2010-12-14 16:00:00,114.36,113.66
2010-12-15 16:00:00,114.2,113.24
2010-12-16 16:00:00,114.16,113.12
2010-12-17 16:00:00,114.34,113.82
2010-12-20 16:00:00,114.74,113.96
2010-12-21 16:00:00,115.3,114.78
2010-12-22 16:00:00,115.6,115.25
2010-12-23 16:00:00,115.52,115.16
2010-12-27 16:00:00,115.02,114.4
2010-12-28 16:00:00,115.22,114.8
2010-12-29 16:00:00,115.44,115.2
2010-12-30 16:00:00,115.26,114.88
2010-12-31 16:00:00,115.14,114.68
2011-01-03 16:00:00,116.66,115.9
2011-01-04 16:00:00,116.56,115.5
2011-01-05 16:00:00,116.8,115.72
2011-01-06 16:00:00,116.92,116.22
2011-01-07 16:00:00,116.86,115.48
2011-01-10 16:00:00,116.28,115.48
2011-01-11 16:00:00,116.85,116.12
2011-01-12 16:00:00,117.72,117.1
2011-01-13 16:00:00,117.74,117.16
2011-01-14 16:00:00,118.34,117.26
2011-01-18 16:00:00,118.58,118.05
2011-01-19 16:00:00,118.5,117.02
2011-01-20 16:00:00,117.38,116.32
2011-01-21 16:00:00,118.14,117.32
2011-01-24 16:00:00,118.2,117.38
2011-01-25 16:00:00,118.2,117.2
2011-01-26 16:00:00,118.94,118.24
2011-01-27 16:00:00,119.09,118.48
2011-01-28 16:00:00,119.22,116.68
2011-01-31 16:00:00,117.8,116.94
2011-02-01 16:00:00,119.77,118.38
2011-02-02 16:00:00,119.66,119.24
2011-02-03 16:00:00,119.8,118.5
2011-02-04 16:00:00,120.02,119.14
2011-02-07 16:00:00,121.12,120.26
2011-02-08 16:00:00,121.3,120.6
2011-02-09 16:00:00,121.28,120.46
2011-02-10 16:00:00,121.16,120.16
2011-02-11 16:00:00,121.92,120.56
2011-02-14 16:00:00,122.14,121.58
2011-02-15 16:00:00,121.86,121.38
2011-02-16 16:00:00,122.6,121.97
2011-02-17 16:00:00,122.96,121.96
2011-02-18 16:00:00,123.22,122.68
2011-02-22 16:00:00,122.38,120.24
2011-02-23 16:00:00,120.76,119.1
2011-02-24 16:00:00,120.15,118.66
2011-02-25 16:00:00,121.12,120.2
2011-02-28 16:00:00,121.94,121.16
2011-03-01 16:00:00,122.3,119.7
2011-03-02 16:00:00,120.56,119.5
2011-03-03 16:00:00,122.24,121.08
2011-03-04 16:00:00,122.06,120.4
2011-03-07 16:00:00,121.75,119.6
2011-03-08 16:00:00,121.62,119.96
2011-03-09 16:00:00,121.38,120.5
2011-03-10 16:00:00,119.88,118.76
2011-03-11 16:00:00,120.14,118.4
2011-03-14 16:00:00,119.26,118.07
2011-03-15 16:00:00,118.24,115.62
2011-03-16 16:00:00,117.56,114.64
2011-03-17 16:00:00,117.4,116.24
2011-03-18 16:00:00,118.4,117.14
2011-03-21 16:00:00,119.38,118.68
2011-03-22 16:00:00,119.3,118.7
2011-03-23 16:00:00,119.42,117.94
2011-03-24 16:00:00,120.38,119.2
2011-03-25 16:00:00,120.58,119.78
2011-03-28 16:00:00,120.64,119.77
2011-03-29 16:00:00,120.62,119.29
2011-03-30 16:00:00,121.74,121.13
2011-03-31 16:00:00,121.56,121.1
2011-04-01 16:00:00,122.34,121.5
2011-04-04 16:00:00,122.26,121.52
2011-04-05 16:00:00,122.32,121.56
2011-04-06 16:00:00,122.5,121.78
2011-04-07 16:00:00,122.5,121.36
2011-04-08 16:00:00,122.52,121.02
2011-04-11 16:00:00,122.02,120.92
2011-04-12 16:00:00,120.6,119.8
2011-04-13 16:00:00,120.9,119.8
2011-04-14 16:00:00,120.5,119.16
2011-04-15 16:00:00,121.04,120.22
2011-04-18 16:00:00,119.6,118.44
2011-04-19 16:00:00,120.14,119.32
2011-04-20 16:00:00,121.98,121.48
2011-04-21 16:00:00,122.38,121.94
2011-04-25 16:00:00,122.4,121.83
2011-04-26 16:00:00,123.5,122.53
2011-04-27 16:00:00,124.24,123
2011-04-28 16:00:00,124.6,123.86
2011-04-29 16:00:00,124.88,124.42
2011-05-02 16:00:00,125.44,124.32
2011-05-03 16:00:00,124.52,123.5
2011-05-04 16:00:00,124.1,122.78
2011-05-05 16:00:00,123.35,121.64
2011-05-06 16:00:00,124,122.28
2011-05-09 16:00:00,123.58,122.58
2011-05-10 16:00:00,124.48,123.52
2011-05-11 16:00:00,124.12,122.42
2011-05-12 16:00:00,123.74,122.02
2011-05-13 16:00:00,123.7,122.2
2011-05-16 16:00:00,123.02,121.62
2011-05-17 16:00:00,121.86,120.92
2011-05-18 16:00:00,122.98,121.68
2011-05-19 16:00:00,123.46,122.64
2011-05-20 16:00:00,123,122
2011-05-23 16:00:00,121.16,120.4
2011-05-24 16:00:00,121.36,120.52
2011-05-25 16:00:00,121.5,120.16
2011-05-26 16:00:00,121.8,120.54
2011-05-27 16:00:00,122.4,121.86
2011-05-31 16:00:00,123.36,122.42
2011-06-01 16:00:00,123.04,120.54
2011-06-02 16:00:00,120.92,119.82
2011-06-03 16:00:00,120.18,119
2011-06-06 16:00:00,119.18,117.93
2011-06-07 16:00:00,118.94,117.86
2011-06-08 16:00:00,118.09,117.26
2011-06-09 16:00:00,118.78,117.46
2011-06-10 16:00:00,117.86,116.4
2011-06-13 16:00:00,117.22,116.18
2011-06-14 16:00:00,118.66,117.82
2011-06-15 16:00:00,117.56,115.9
2011-06-16 16:00:00,116.91,115.54
2011-06-17 16:00:00,117.5,116.38
2011-06-20 16:00:00,117.56,116.32
2011-06-21 16:00:00,119.16,117.84
2011-06-22 16:00:00,119.26,118.2
2011-06-23 16:00:00,117.9,116
2011-06-24 16:00:00,117.36,115.8
2011-06-27 16:00:00,117.43,115.83
2011-06-28 16:00:00,118.52,117.36
2011-06-29 16:00:00,119.7,118.67
2011-06-30 16:00:00,120.84,119.82
2011-07-01 16:00:00,122.6,120.54
2011-07-05 16:00:00,122.6,122
2011-07-06 16:00:00,122.64,121.76
2011-07-07 16:00:00,124.1,123.38
2011-07-08 16:00:00,122.98,122.02
2011-07-11 16:00:00,121.84,120.45
2011-07-12 16:00:00,121.42,120.16
2011-07-13 16:00:00,121.82,120.32
2011-07-14 16:00:00,121.38,119.52
2011-07-15 16:00:00,120.58,119.64
2011-07-18 16:00:00,120.02,118.56
2011-07-19 16:00:00,121.48,120.08
2011-07-20 16:00:00,121.78,121.16
2011-07-21 16:00:00,123.24,121.78
2011-07-22 16:00:00,123.2,122.4
2011-07-25 16:00:00,123,121.81
2011-07-26 16:00:00,122.5,121.68
2011-07-27 16:00:00,121.24,119.3
2011-07-28 16:00:00,120.48,118.96
2011-07-29 16:00:00,119.36,117.44
2011-08-01 16:00:00,119.82,116.68
2011-08-02 16:00:00,117.5,114.78
2011-08-03 16:00:00,115.54,112.98
2011-08-04 16:00:00,113.96,109.84
2011-08-05 16:00:00,111.65,106.94
2011-08-08 16:00:00,108.25,102.54
2011-08-09 16:00:00,107.4,100.92
2011-08-10 16:00:00,106.3,102.48
2011-08-11 16:00:00,108.7,103.26
2011-08-12 16:00:00,109,107.32
2011-08-15 16:00:00,110.4,108.86
2011-08-16 16:00:00,110.36,108.24
2011-08-17 16:00:00,110.8,108.6
2011-08-18 16:00:00,106.7,103.74
2011-08-19 16:00:00,105.82,102.84
2011-08-22 16:00:00,105.38,102.78
2011-08-23 16:00:00,106.58,103
2011-08-24 16:00:00,108.08,106.06
2011-08-25 16:00:00,109.18,105.62
2011-08-26 16:00:00,108.28,104.02
2011-08-29 16:00:00,110.96,109.24
2011-08-30 16:00:00,111.92,109.66
2011-08-31 16:00:00,112.91,110.92
2011-09-01 16:00:00,112.8,110.54
2011-09-02 16:00:00,108.84,107.4
2011-09-06 16:00:00,107.14,104.64
2011-09-07 16:00:00,110.04,108.3
2011-09-08 16:00:00,110.58,108.68
2011-09-09 16:00:00,107.94,105.44
2011-09-12 16:00:00,106.76,104.36
2011-09-13 16:00:00,108.06,106.38
2011-09-14 16:00:00,110.46,106.76
2011-09-15 16:00:00,111.1,109.42
2011-09-16 16:00:00,112.06,110.7
2011-09-19 16:00:00,111.1,109.18
2011-09-20 16:00:00,112.14,110.44
2011-09-21 16:00:00,110.86,107.14
2011-09-22 16:00:00,105,102.38
2011-09-23 16:00:00,104.32,102.46
2011-09-26 16:00:00,106.35,103.32
2011-09-27 16:00:00,109.28,106.86
2011-09-28 16:00:00,108.24,105.07
2011-09-29 16:00:00,107.46,104.16
2011-09-30 16:00:00,105.48,103.38
2011-10-03 16:00:00,104.08,100.34
2011-10-04 16:00:00,102.82,98.24
2011-10-05 16:00:00,104.82,102
2011-10-06 16:00:00,106.62,103.76
2011-10-07 16:00:00,107.17,105.18
2011-10-10 16:00:00,109.36,107.66
2011-10-11 16:00:00,109.72,108.6
2011-10-12 16:00:00,111.6,110
2011-10-13 16:00:00,110.44,108.9
2011-10-14 16:00:00,112.06,110.91
2011-10-17 16:00:00,111.6,109.64
2011-10-18 16:00:00,112.84,109
2011-10-19 16:00:00,112.47,110.4
2011-10-20 16:00:00,111.48,109.6
2011-10-21 16:00:00,113.42,112.24
2011-10-24 16:00:00,114.96,113.44
2011-10-25 16:00:00,114.18,112.24
2011-10-26 16:00:00,114.06,111.8
2011-10-27 16:00:00,118.3,115.8
2011-10-28 16:00:00,117.78,116.88
2011-10-31 16:00:00,116.35,114.64
2011-11-01 16:00:00,112.9,111.16
2011-11-02 16:00:00,113.76,112.32
2011-11-03 16:00:00,115.69,113.04
2011-11-04 16:00:00,114.9,113.42
2011-11-07 16:00:00,115.52,113.64
2011-11-08 16:00:00,117.02,115.02
2011-11-09 16:00:00,114.72,112.4
2011-11-10 16:00:00,114.2,112.62
2011-11-11 16:00:00,116.1,115.02
2011-11-14 16:00:00,115.47,114.22
2011-11-15 16:00:00,115.91,114.12
2011-11-16 16:00:00,115.46,113.32
2011-11-17 16:00:00,113.54,110.91
2011-11-18 16:00:00,112.18,111.1
2011-11-21 16:00:00,110.06,108.48
2011-11-22 16:00:00,109.8,108.38
2011-11-23 16:00:00,108.02,106.6
2011-11-25 16:00:00,107.58,106.3
2011-11-28 16:00:00,109.82,108.64
2011-11-29 16:00:00,110.5,109.4
2011-11-30 16:00:00,114.48,112.62
2011-12-01 16:00:00,114.84,113.82
2011-12-02 16:00:00,115.67,114.14
2011-12-05 16:00:00,116.28,114.72
2011-12-06 16:00:00,116.2,115.02
2011-12-07 16:00:00,116.32,114.35
2011-12-08 16:00:00,115.26,113.08
2011-12-09 16:00:00,115.54,113.8
2011-12-12 16:00:00,114.28,112.66
2011-12-13 16:00:00,114.76,112
2011-12-14 16:00:00,112.5,111.1
2011-12-15 16:00:00,112.62,111.56
2011-12-16 16:00:00,113.1,111.64
2011-12-19 16:00:00,112.49,110.44
2011-12-20 16:00:00,114.17,112.34
2011-12-21 16:00:00,114.38,113.02
2011-12-22 16:00:00,115.38,114.5
2011-12-23 16:00:00,115.68,114.76
2011-12-27 16:00:00,118,115.36
2011-12-28 16:00:00,115.72,114.1
2011-12-29 16:00:00,118.16,114.52
2011-12-30 16:00:00,115.56,114.9
2012-01-03 16:00:00,117.46,116.6
2012-01-04 16:00:00,116.92,115.96
2012-01-05 16:00:00,117.29,115.68
2012-01-06 16:00:00,117.3,116.47
2012-01-09 16:00:00,117.24,116.54
2012-01-10 16:00:00,118.53,117.97
2012-01-11 16:00:00,118.34,117.56
2012-01-12 16:00:00,118.64,117.58
2012-01-13 16:00:00,118,116.82
2012-01-17 16:00:00,119.18,118.05
2012-01-18 16:00:00,119.64,118.1
2012-01-19 16:00:00,120.34,119.72
2012-01-20 16:00:00,120.34,119.78
2012-01-23 16:00:00,120.98,119.86
2012-01-24 16:00:00,120.3,119.48
2012-01-25 16:00:00,121.54,119.64
2012-01-26 16:00:00,122,120.16
2012-01-27 16:00:00,120.78,120
2012-01-30 16:00:00,120.2,118.98
2012-01-31 16:00:00,120.92,119.6
2012-02-01 16:00:00,121.74,120.86
2012-02-02 16:00:00,121.66,120.96
2012-02-03 16:00:00,123.14,122.38
2012-02-06 16:00:00,123.02,122.4
2012-02-07 16:00:00,123.52,122.28
2012-02-08 16:00:00,123.69,122.88
2012-02-09 16:00:00,124.02,123.14
2012-02-10 16:00:00,123,122.44
2012-02-13 16:00:00,123.98,123.3
2012-02-14 16:00:00,123.72,122.85
2012-02-15 16:00:00,124.24,122.88
2012-02-16 16:00:00,124.54,122.93
2012-02-17 16:00:00,124.92,124.32
2012-02-21 16:00:00,125.36,124.46
2012-02-22 16:00:00,124.88,124.24
2012-02-23 16:00:00,125.08,123.96
2012-02-24 16:00:00,125.5,125
2012-02-27 16:00:00,125.8,124.22
2012-02-28 16:00:00,125.91,125.28
2012-02-29 16:00:00,126.4,125.11
2012-03-01 16:00:00,126.22,125.2
2012-03-02 16:00:00,126.06,125.35
2012-03-05 16:00:00,125.48,124.66
2012-03-06 16:00:00,123.86,122.9
2012-03-07 16:00:00,124.32,123.47
2012-03-08 16:00:00,125.6,124.64
2012-03-09 16:00:00,126.14,125.48
2012-03-12 16:00:00,126.02,125.42
2012-03-13 16:00:00,128.18,126.36
2012-03-14 16:00:00,128.46,127.64
2012-03-15 16:00:00,128.8,127.88
2012-03-16 16:00:00,129.1,128.69
2012-03-19 16:00:00,129.84,128.76
2012-03-20 16:00:00,129.2,128.36
2012-03-21 16:00:00,129.24,128.6
2012-03-22 16:00:00,128.24,127.54
2012-03-23 16:00:00,128.44,127.32
2012-03-26 16:00:00,129.52,128.66
2012-03-27 16:00:00,129.78,129.1
2012-03-28 16:00:00,129.28,127.8
2012-03-29 16:00:00,128.46,127.26
2012-03-30 16:00:00,129.04,128.24
2012-04-02 16:00:00,130.12,128.48
2012-04-03 16:00:00,129.82,128.5
2012-04-04 16:00:00,128.39,127.54
2012-04-05 16:00:00,128.28,127.4
2012-04-09 16:00:00,126.97,126.14
2012-04-10 16:00:00,126.56,124.22
2012-04-11 16:00:00,125.83,125.14
2012-04-12 16:00:00,127.06,125.4
2012-04-13 16:00:00,126.7,125.36
2012-04-16 16:00:00,126.3,124.94
2012-04-17 16:00:00,127.52,126.08
2012-04-18 16:00:00,127.25,126.6
2012-04-19 16:00:00,127.3,125.44
2012-04-20 16:00:00,126.98,126.16
2012-04-23 16:00:00,125.26,124.4
2012-04-24 16:00:00,125.92,125.2
2012-04-25 16:00:00,127.38,126.76
2012-04-26 16:00:00,128.38,127
2012-04-27 16:00:00,128.82,127.94
2012-04-30 16:00:00,128.26,127.64
2012-05-01 16:00:00,129.6,127.8
2012-05-02 16:00:00,128.52,127.62
2012-05-03 16:00:00,128.5,127.2
2012-05-04 16:00:00,126.84,125.3
2012-05-07 16:00:00,125.86,124.86
2012-05-08 16:00:00,125.12,123.48
2012-05-09 16:00:00,124.98,123.04
2012-05-10 16:00:00,125.18,124.24
2012-05-11 16:00:00,125.2,123.63
2012-05-14 16:00:00,123.54,122.54
2012-05-15 16:00:00,123.32,121.82
2012-05-16 16:00:00,123.02,121.5
2012-05-17 16:00:00,121.68,119.66
2012-05-18 16:00:00,120.4,118.55
2012-05-21 16:00:00,120.78,118.9
2012-05-22 16:00:00,121.88,120.18
2012-05-23 16:00:00,121.14,118.93
2012-05-24 16:00:00,121.5,120.23
2012-05-25 16:00:00,121.5,120.62
2012-05-29 16:00:00,122.53,121.46
2012-05-30 16:00:00,121.34,120.3
2012-05-31 16:00:00,121.14,119.26
2012-06-01 16:00:00,118.76,117.24
2012-06-04 16:00:00,117.76,116.34
2012-06-05 16:00:00,118.22,116.89
2012-06-06 16:00:00,120.78,118.86
2012-06-07 16:00:00,122.16,120.58
2012-06-08 16:00:00,121.8,120.1
2012-06-11 16:00:00,122.84,120.12
2012-06-12 16:00:00,121.66,120
2012-06-13 16:00:00,121.94,120.42
2012-06-14 16:00:00,122.6,120.84
2012-06-15 16:00:00,123.44,122.42
2012-06-18 16:00:00,123.89,122.58
2012-06-19 16:00:00,125.3,124.14
2012-06-20 16:00:00,125.18,123.7
2012-06-21 16:00:00,124.82,121.72
2012-06-22 16:00:00,122.96,122
2012-06-25 16:00:00,120.86,119.72
2012-06-26 16:00:00,121.1,119.82
2012-06-27 16:00:00,122.06,121.1
2012-06-28 16:00:00,121.64,120.14
2012-06-29 16:00:00,124.62,123.38
2012-07-02 16:00:00,125.02,124.03
2012-07-03 16:00:00,125.8,124.77
2012-07-05 16:00:00,125.7,124.72
2012-07-06 16:00:00,124.2,123.37
2012-07-09 16:00:00,124.02,123.27
2012-07-10 16:00:00,124.6,122.32
2012-07-11 16:00:00,123.09,122.06
2012-07-12 16:00:00,122.68,121.32
2012-07-13 16:00:00,124.3,122.48
2012-07-16 16:00:00,124.26,123.46
2012-07-17 16:00:00,125,123.12
2012-07-18 16:00:00,125.92,124.4
2012-07-19 16:00:00,126.4,125.56
2012-07-20 16:00:00,125.48,124.74
2012-07-23 16:00:00,123.94,122.48
2012-07-24 16:00:00,123.7,121.72
2012-07-25 16:00:00,123.1,121.92
2012-07-26 16:00:00,124.83,123.76
2012-07-27 16:00:00,127.24,125.05
2012-07-30 16:00:00,127.46,126.5
2012-07-31 16:00:00,127.06,126.06
2012-08-01 16:00:00,126.92,125.72
2012-08-02 16:00:00,125.86,124.08
2012-08-03 16:00:00,127.74,126.74
2012-08-06 16:00:00,128.26,127.72
2012-08-07 16:00:00,128.94,128.26
2012-08-08 16:00:00,128.7,127.96
2012-08-09 16:00:00,128.92,128.26
2012-08-10 16:00:00,128.94,127.94
2012-08-13 16:00:00,128.86,128.14
2012-08-14 16:00:00,129.34,128.46
2012-08-15 16:00:00,129.18,128.68
2012-08-16 16:00:00,130.1,128.86
2012-08-17 16:00:00,130.22,129.8
2012-08-20 16:00:00,130.14,129.58
2012-08-21 16:00:00,130.94,129.46
2012-08-22 16:00:00,129.94,129.1
2012-08-23 16:00:00,129.5,128.5
2012-08-24 16:00:00,129.78,128.34
2012-08-27 16:00:00,130,129.36
2012-08-28 16:00:00,129.8,129
2012-08-29 16:00:00,129.84,129.14
2012-08-30 16:00:00,128.94,128.3
2012-08-31 16:00:00,129.76,128.48
2012-09-04 16:00:00,129.42,128.24
2012-09-05 16:00:00,129.46,128.72
2012-09-06 16:00:00,131.56,129.74
2012-09-07 16:00:00,132.1,131.68
2012-09-10 16:00:00,132.2,131.28
2012-09-11 16:00:00,132.12,131.38
2012-09-12 16:00:00,132.28,131.73
2012-09-13 16:00:00,134.58,131.96
2012-09-14 16:00:00,135.58,134.36
2012-09-17 16:00:00,134.7,133.98
2012-09-18 16:00:00,134.36,133.88
2012-09-19 16:00:00,134.7,134.04
2012-09-20 16:00:00,134.36,133.3
2012-09-21 16:00:00,134.96,134.2
2012-09-24 16:00:00,133.64,132.8
2012-09-25 16:00:00,133.88,131.92
2012-09-26 16:00:00,131.91,130.86
2012-09-27 16:00:00,132.74,131.42
2012-09-28 16:00:00,132.34,131.4
2012-10-01 16:00:00,133.34,131.86
2012-10-02 16:00:00,132.87,131.7
2012-10-03 16:00:00,133.14,131.98
2012-10-04 16:00:00,133.92,133.17
2012-10-05 16:00:00,134.72,133.4
2012-10-08 16:00:00,133.54,133.09
2012-10-09 16:00:00,133.31,131.98
2012-10-10 16:00:00,132.08,131.02
2012-10-11 16:00:00,132.28,131.26
2012-10-12 16:00:00,131.77,130.54
2012-10-15 16:00:00,132.02,130.72
2012-10-16 16:00:00,133.34,132.47
2012-10-17 16:00:00,133.96,133.2
2012-10-18 16:00:00,134.13,133.06
2012-10-19 16:00:00,133.24,130.98
2012-10-22 16:00:00,131.5,130.26
2012-10-23 16:00:00,130.04,128.96
2012-10-24 16:00:00,130.1,128.92
2012-10-25 16:00:00,130.24,128.72
2012-10-26 16:00:00,129.84,128.54
2012-10-31 16:00:00,130.02,128.8
2012-11-01 16:00:00,130.9,129.62
2012-11-02 16:00:00,131.58,129.5
2012-11-05 16:00:00,130.14,129.05
2012-11-06 16:00:00,131.36,130.14
2012-11-07 16:00:00,129.72,127.32
2012-11-08 16:00:00,128.54,126.3
2012-11-09 16:00:00,127.66,125.92
2012-11-12 16:00:00,127.06,126.33
2012-11-13 16:00:00,127.46,125.76
2012-11-14 16:00:00,126.7,124.16
2012-11-15 16:00:00,124.94,123.76
2012-11-16 16:00:00,125.08,123.38
2012-11-19 16:00:00,127.36,126.2
2012-11-20 16:00:00,127.62,126.42
2012-11-21 16:00:00,127.78,127.3
2012-11-23 16:00:00,129.44,128.22
2012-11-26 16:00:00,129.2,128.37
2012-11-27 16:00:00,129.44,128.4
2012-11-28 16:00:00,129.58,127.28
2012-11-29 16:00:00,130.52,129.48
2012-11-30 16:00:00,130.38,129.72
2012-12-03 16:00:00,130.82,129.4
2012-12-04 16:00:00,129.88,128.96
2012-12-05 16:00:00,130.12,128.56
2012-12-06 16:00:00,130.06,129.3
2012-12-07 16:00:00,130.66,129.74
2012-12-10 16:00:00,130.76,130.18
2012-12-11 16:00:00,131.94,130.96
2012-12-12 16:00:00,132.36,131.28
2012-12-13 16:00:00,131.7,130.28
2012-12-14 16:00:00,130.56,129.92
2012-12-17 16:00:00,131.74,130.44
2012-12-18 16:00:00,133.26,131.7
2012-12-19 16:00:00,133.32,132.1
2012-12-20 16:00:00,132.94,131.88
2012-12-21 16:00:00,131.94,130.96
2012-12-24 16:00:00,130.54,130.22
2012-12-26 16:00:00,130.68,129.46
2012-12-27 16:00:00,130.08,128.16
2012-12-28 16:00:00,129.5,128.14
2012-12-31 16:00:00,130.54,127.8
2013-01-02 16:00:00,133.7,132.56
2013-01-03 16:00:00,133.98,133.04
2013-01-04 16:00:00,134.22,133.36
2013-01-07 16:00:00,133.78,133.14
2013-01-08 16:00:00,133.6,132.76
2013-01-09 16:00:00,133.98,133.42
2013-01-10 16:00:00,134.72,133.68
2013-01-11 16:00:00,134.72,134.26
2013-01-14 16:00:00,134.68,134.1
2013-01-15 16:00:00,134.8,133.88
2013-01-16 16:00:00,134.86,134.26
2013-01-17 16:00:00,135.9,134.99
2013-01-18 16:00:00,135.96,135.02
2013-01-22 16:00:00,136.54,135.52
2013-01-23 16:00:00,136.9,136.34
2013-01-24 16:00:00,137.46,136.46
2013-01-25 16:00:00,137.59,136.89
2013-01-28 16:00:00,137.64,136.96
2013-01-29 16:00:00,138.15,137.1
2013-01-30 16:00:00,138.2,137.32
2013-01-31 16:00:00,137.7,137
2013-02-01 16:00:00,138.66,137.76
2013-02-04 16:00:00,137.88,136.86
2013-02-05 16:00:00,138.72,137.64
2013-02-06 16:00:00,138.52,137.78
2013-02-07 16:00:00,138.56,137.26
2013-02-08 16:00:00,139.08,138.52
2013-02-11 16:00:00,139.1,138.68
2013-02-12 16:00:00,139.49,138.86
2013-02-13 16:00:00,139.74,138.96
2013-02-14 16:00:00,139.64,138.76
2013-02-15 16:00:00,139.72,138.78
2013-02-19 16:00:00,140.36,139.52
2013-02-20 16:00:00,140.28,138.54
2013-02-21 16:00:00,138.22,137.32
2013-02-22 16:00:00,139.08,138.08
2013-02-25 16:00:00,139.98,136.46
2013-02-26 16:00:00,137.54,136.22
2013-02-27 16:00:00,139.5,137.16
2013-02-28 16:00:00,139.98,138.62
2013-03-01 16:00:00,139.5,137.74
2013-03-04 16:00:00,140.08,138.78
2013-03-05 16:00:00,141.68,140.74
2013-03-06 16:00:00,141.86,141.22
2013-03-07 16:00:00,141.95,141.56
2013-03-08 16:00:00,142.54,141.67
2013-03-11 16:00:00,142.92,142.08
2013-03-12 16:00:00,142.96,142.14
2013-03-13 16:00:00,142.98,142.2
2013-03-14 16:00:00,143.62,143.09
2013-03-15 16:00:00,143.58,142.9
2013-03-18 16:00:00,143.18,141.86
2013-03-19 16:00:00,143.02,141.3
2013-03-20 16:00:00,143.42,142.84
2013-03-21 16:00:00,142.84,141.76
2013-03-22 16:00:00,142.4,141.67
2013-03-25 16:00:00,143.1,141.32
2013-03-26 16:00:00,143.06,142.34
2013-03-27 16:00:00,143.06,141.9
2013-03-28 16:00:00,143.62,142.76
2013-04-01 16:00:00,144.2,142.54
2013-04-02 16:00:00,143.92,143.2
2013-04-03 16:00:00,143.8,141.78
2013-04-04 16:00:00,142.98,142.05
2013-04-05 16:00:00,142.26,140.8
2013-04-08 16:00:00,143.04,141.7
2013-04-09 16:00:00,144.06,142.87
2013-04-10 16:00:00,145.44,143.9
2013-04-11 16:00:00,146.22,145.18
2013-04-12 16:00:00,145.64,144.62
2013-04-15 16:00:00,144.78,142.04
2013-04-16 16:00:00,144.17,142.77
2013-04-17 16:00:00,143.14,141.28
2013-04-18 16:00:00,142.28,140.58
2013-04-19 16:00:00,142.42,141.12
2013-04-22 16:00:00,143.3,141.7
2013-04-23 16:00:00,144.6,143
2013-04-24 16:00:00,144.96,144.26
2013-04-25 16:00:00,145.84,144.78
2013-04-26 16:00:00,145.22,144.44
2013-04-29 16:00:00,146.18,145.08
2013-04-30 16:00:00,146.28,145.26
2013-05-01 16:00:00,145.96,144.78
2013-05-02 16:00:00,146.4,145.2
2013-05-03 16:00:00,148.24,147.5
2013-05-06 16:00:00,148.38,147.82
2013-05-07 16:00:00,148.96,148.06
2013-05-08 16:00:00,149.64,148.68
2013-05-09 16:00:00,149.92,148.82
2013-05-10 16:00:00,149.74,148.88
2013-05-13 16:00:00,150,149.12
2013-05-14 16:00:00,151.42,149.9
2013-05-15 16:00:00,152.44,151.04
2013-05-16 16:00:00,152.34,151.22
2013-05-17 16:00:00,152.98,151.82
2013-05-20 16:00:00,153.5,152.61
2013-05-21 16:00:00,153.68,152.52
2013-05-22 16:00:00,154.85,151.3
2013-05-23 16:00:00,151.92,150.14
2013-05-24 16:00:00,151.4,150.2
2013-05-28 16:00:00,153.68,151.88
2013-05-29 16:00:00,151.84,150.52
2013-05-30 16:00:00,152.58,151.36
2013-05-31 16:00:00,152.28,149.5
2013-06-03 16:00:00,150.6,148.96
2013-06-04 16:00:00,151.22,149.04
2013-06-05 16:00:00,149.64,147.58
2013-06-06 16:00:00,148.98,146.76
2013-06-07 16:00:00,151.06,149.42
2013-06-10 16:00:00,151.46,150.54
2013-06-11 16:00:00,150.68,148.98
2013-06-12 16:00:00,150.52,148
2013-06-13 16:00:00,150.6,147.72
2013-06-14 16:00:00,150.77,149.16
2013-06-17 16:00:00,151.28,149.78
2013-06-18 16:00:00,152,150.7
2013-06-19 16:00:00,151.94,149.66
2013-06-20 16:00:00,148.44,145.57
2013-06-21 16:00:00,147.1,144.98
2013-06-24 16:00:00,145.12,142.66
2013-06-25 16:00:00,145.76,144.22
2013-06-26 16:00:00,147,145.88
2013-06-27 16:00:00,148.23,147.45
2013-06-28 16:00:00,147.85,146.46
2013-07-01 16:00:00,148.8,147.54
2013-07-02 16:00:00,148.66,147
2013-07-03 16:00:00,148.16,146.76
2013-07-05 16:00:00,149.4,147.78
2013-07-08 16:00:00,150.58,149.84
2013-07-09 16:00:00,151.46,150.48
2013-07-10 16:00:00,151.82,150.82
2013-07-11 16:00:00,153.54,152.58
2013-07-12 16:00:00,153.78,153.12
2013-07-15 16:00:00,154.22,153.62
2013-07-16 16:00:00,154.2,153.04
2013-07-17 16:00:00,154.28,153.66
2013-07-18 16:00:00,155.06,154.14
2013-07-19 16:00:00,155,154.18
2013-07-22 16:00:00,155.5,154.84
2013-07-23 16:00:00,155.61,154.86
2013-07-24 16:00:00,155.6,154.08
2013-07-25 16:00:00,154.86,153.86
2013-07-26 16:00:00,154.96,153.46
2013-07-29 16:00:00,154.86,153.98
2013-07-30 16:00:00,155.08,154.1
2013-07-31 16:00:00,155.58,154.35
2013-08-01 16:00:00,156.46,155.64
2013-08-02 16:00:00,156.6,155.79
2013-08-05 16:00:00,156.62,156.08
2013-08-06 16:00:00,156.2,155.16
2013-08-07 16:00:00,155.2,154.43
2013-08-08 16:00:00,155.86,154.73
2013-08-09 16:00:00,155.82,154.6
2013-08-12 16:00:00,155.1,154.28
2013-08-13 16:00:00,155.63,154.28
2013-08-14 16:00:00,155.54,154.54
2013-08-15 16:00:00,153.32,152.15
2013-08-16 16:00:00,152.63,151.58
2013-08-19 16:00:00,152.22,150.94
2013-08-20 16:00:00,152.22,151.02
2013-08-21 16:00:00,152.06,150.4
2013-08-22 16:00:00,152.32,151.04
2013-08-23 16:00:00,152.8,151.86
2013-08-26 16:00:00,153.26,151.96
2013-08-27 16:00:00,151.12,149.5
2013-08-28 16:00:00,150.64,149.34
2013-08-29 16:00:00,151.14,149.7
2013-08-30 16:00:00,150.64,149.45
2013-09-03 16:00:00,151.64,149.94
2013-09-04 16:00:00,152.06,150.36
2013-09-05 16:00:00,152.4,151.8
2013-09-06 16:00:00,152.94,150.66
2013-09-09 16:00:00,153.63,152.5
2013-09-10 16:00:00,154.72,154.16
2013-09-11 16:00:00,155.2,154.22
2013-09-12 16:00:00,155.34,154.56
2013-09-13 16:00:00,155.26,154.6
2013-09-16 16:00:00,156.88,155.78
2013-09-17 16:00:00,156.72,156.16
2013-09-18 16:00:00,158.96,156.28
2013-09-19 16:00:00,159.04,158.12
2013-09-20 16:00:00,158.66,157.06
2013-09-23 16:00:00,156.3,155.16
2013-09-24 16:00:00,156.22,155.02
2013-09-25 16:00:00,155.66,154.72
2013-09-26 16:00:00,155.86,154.86
2013-09-27 16:00:00,154.94,154.34
2013-09-30 16:00:00,154.38,153.1
2013-10-01 16:00:00,155.26,153.92
2013-10-02 16:00:00,155,153.74
2013-10-03 16:00:00,154.72,152.84
2013-10-04 16:00:00,154.86,153.48
2013-10-07 16:00:00,154.3,153.22
2013-10-08 16:00:00,153.52,151.48
2013-10-09 16:00:00,152.24,150.72
2013-10-10 16:00:00,155.04,153.2
2013-10-11 16:00:00,156.02,154.62
2013-10-14 16:00:00,156.7,154.88
2013-10-15 16:00:00,156.76,155.26
2013-10-16 16:00:00,157.7,156.3
2013-10-17 16:00:00,158.76,156.98
2013-10-18 16:00:00,159.86,158.96
2013-10-21 16:00:00,160.06,159.42
2013-10-22 16:00:00,161.14,160.02
2013-10-23 16:00:00,160.2,159.37
2013-10-24 16:00:00,160.64,159.86
2013-10-25 16:00:00,161.2,160.48
2013-10-28 16:00:00,161.67,160.96
2013-10-29 16:00:00,162.39,161.59
2013-10-30 16:00:00,162.62,160.93
2013-10-31 16:00:00,162.04,160.8
2013-11-01 16:00:00,161.78,160.53
2013-11-04 16:00:00,162.07,161.38
2013-11-05 16:00:00,161.91,160.84
2013-11-06 16:00:00,162.59,161.73
2013-11-07 16:00:00,162.74,160.1
2013-11-08 16:00:00,162.45,160.18
2013-11-11 16:00:00,162.62,162.09
2013-11-12 16:00:00,162.47,161.58
2013-11-13 16:00:00,163.44,161.33
2013-11-14 16:00:00,164.38,163.32
2013-11-15 16:00:00,165,164.32
2013-11-18 16:00:00,165.37,164.01
2013-11-19 16:00:00,164.78,163.74
2013-11-20 16:00:00,164.82,163.08
2013-11-21 16:00:00,164.95,163.88
2013-11-22 16:00:00,165.67,164.72
2013-11-25 16:00:00,165.97,165.26
2013-11-26 16:00:00,166.01,165.29
2013-11-27 16:00:00,166.04,165.51
2013-11-29 16:00:00,166.51,165.65
2013-12-02 16:00:00,166.22,165.15
2013-12-03 16:00:00,165.26,164.16
2013-12-04 16:00:00,165.34,163.39
2013-12-05 16:00:00,164.65,163.8
2013-12-06 16:00:00,165.92,165.06
2013-12-09 16:00:00,166.43,165.99
2013-12-10 16:00:00,166.17,165.51
2013-12-11 16:00:00,165.7,163.54
2013-12-12 16:00:00,163.85,162.87
2013-12-13 16:00:00,163.68,162.88
2013-12-16 16:00:00,164.72,163.9
2013-12-17 16:00:00,164.36,163.31
2013-12-18 16:00:00,166.51,162.01
2013-12-19 16:00:00,166.47,165.57
2013-12-20 16:00:00,167.65,166.44
2013-12-23 16:00:00,168.95,167.75
2013-12-24 16:00:00,167.67,167.22
2013-12-26 16:00:00,168.53,167.95
2013-12-27 16:00:00,168.76,168.27
2013-12-30 16:00:00,168.56,168.2
2013-12-31 16:00:00,169.23,168.52
2014-01-02 16:00:00,168.61,167.2
2014-01-03 16:00:00,168.21,167.33
2014-01-06 16:00:00,168.16,166.82
2014-01-07 16:00:00,168.37,167.63
2014-01-08 16:00:00,168.4,167.55
2014-01-09 16:00:00,168.68,167.49
2014-01-10 16:00:00,168.75,167.66
2014-01-13 16:00:00,168.74,166.15
2014-01-14 16:00:00,168.36,166.71
2014-01-15 16:00:00,169.43,168.59
2014-01-16 16:00:00,169,168.42
2014-01-17 16:00:00,168.99,167.97
2014-01-21 16:00:00,169.28,167.71
2014-01-22 16:00:00,169.08,168.49
2014-01-23 16:00:00,168.01,166.59
2014-01-24 16:00:00,166.42,163.87
2014-01-27 16:00:00,164.45,162.29
2014-01-28 16:00:00,164.25,163.18
2014-01-29 16:00:00,163.57,162.07
2014-01-30 16:00:00,164.72,163.33
2014-01-31 16:00:00,164.25,162.1
2014-02-03 16:00:00,163.41,159.26
2014-02-04 16:00:00,161.08,159.73
2014-02-05 16:00:00,160.82,159.18
2014-02-06 16:00:00,162.59,160.88
2014-02-07 16:00:00,164.78,162.85
2014-02-10 16:00:00,164.96,164.2
2014-02-11 16:00:00,167.13,164.97
2014-02-12 16:00:00,167.5,166.48
2014-02-13 16:00:00,167.84,165.7
2014-02-14 16:00:00,168.91,167.37
2014-02-18 16:00:00,169.04,168.27
2014-02-19 16:00:00,169.48,167.57
2014-02-20 16:00:00,169.07,167.33
2014-02-21 16:00:00,169.41,168.42
2014-02-24 16:00:00,170.57,168.78
2014-02-25 16:00:00,170.03,168.84
2014-02-26 16:00:00,170.04,168.91
2014-02-27 16:00:00,170.27,168.97
2014-02-28 16:00:00,171.47,169.57
2014-03-03 16:00:00,169.89,168.38
2014-03-04 16:00:00,172.23,171.13
2014-03-05 16:00:00,172.31,171.79
2014-03-06 16:00:00,172.84,172.19
2014-03-07 16:00:00,173.13,171.79
2014-03-10 16:00:00,172.48,171.47
2014-03-11 16:00:00,172.92,171.17
2014-03-12 16:00:00,171.65,170.36
2014-03-13 16:00:00,172.24,169.21
2014-03-14 16:00:00,170.22,169
2014-03-17 16:00:00,171.14,169.99
2014-03-18 16:00:00,172.18,170.93
2014-03-19 16:00:00,172.23,169.99
2014-03-20 16:00:00,172.16,170.37
2014-03-21 16:00:00,173.19,171.24
2014-03-24 16:00:00,171.39,169.16
2014-03-25 16:00:00,171.25,169.78
2014-03-26 16:00:00,171.64,169.45
2014-03-27 16:00:00,169.78,168.48
2014-03-28 16:00:00,170.79,169.5
2014-03-31 16:00:00,171.59,170.87
2014-04-01 16:00:00,172.59,171.76
2014-04-02 16:00:00,173.29,172.4
2014-04-03 16:00:00,173.37,172.32
2014-04-04 16:00:00,173.82,170.53
2014-04-07 16:00:00,170.65,168.57
2014-04-08 16:00:00,169.88,168.22
2014-04-09 16:00:00,171.46,169.61
2014-04-10 16:00:00,171.49,167.62
2014-04-11 16:00:00,168.05,166.11
2014-04-14 16:00:00,168,166.26
2014-04-15 16:00:00,168.87,166.33
2014-04-16 16:00:00,170.55,169.19
2014-04-17 16:00:00,171.24,170.03
2014-04-21 16:00:00,171.42,170.66
2014-04-22 16:00:00,172.62,171.49
2014-04-23 16:00:00,172.16,171.65
2014-04-24 16:00:00,172.63,171.3
2014-04-25 16:00:00,171.63,170.32
2014-04-28 16:00:00,171.96,169.49
2014-04-29 16:00:00,172.29,171.43
2014-04-30 16:00:00,172.71,171.5
2014-05-01 16:00:00,173.03,172.03
2014-05-02 16:00:00,173.26,172.06
2014-05-05 16:00:00,172.72,171.02
2014-05-06 16:00:00,172.38,171.11
2014-05-07 16:00:00,172.22,170.44
2014-05-08 16:00:00,173.2,171.43
2014-05-09 16:00:00,172.29,171.2
2014-05-12 16:00:00,173.98,172.96
2014-05-13 16:00:00,174.49,173.89
2014-05-14 16:00:00,173.97,173
2014-05-15 16:00:00,172.93,170.87
2014-05-16 16:00:00,172.36,171.1
2014-05-19 16:00:00,173.1,171.81
2014-05-20 16:00:00,172.88,171.41
2014-05-21 16:00:00,173.37,172.31
2014-05-22 16:00:00,174.06,173.06
2014-05-23 16:00:00,174.54,173.82
2014-05-27 16:00:00,175.55,175
2014-05-28 16:00:00,175.79,175.09
2014-05-29 16:00:00,176.32,175.37
2014-05-30 16:00:00,176.69,175.98
2014-06-02 16:00:00,176.85,175.94
2014-06-03 16:00:00,176.79,176.22
2014-06-04 16:00:00,177.15,176.2
2014-06-05 16:00:00,178.38,176.63
2014-06-06 16:00:00,179.09,178.52
2014-06-09 16:00:00,179.69,178.87
2014-06-10 16:00:00,179.3,178.66
2014-06-11 16:00:00,178.82,178.25
2014-06-12 16:00:00,178.52,176.98
2014-06-13 16:00:00,178.07,177.17
2014-06-16 16:00:00,178.41,177.5
2014-06-17 16:00:00,178.68,177.63
2014-06-18 16:00:00,179.97,178.17
2014-06-19 16:00:00,180.21,179.51
2014-06-20 16:00:00,180.57,180.25
2014-06-23 16:00:00,179.73,179.27
2014-06-24 16:00:00,180.14,178.31
2014-06-25 16:00:00,179.49,178.13
2014-06-26 16:00:00,179.38,177.98
2014-06-27 16:00:00,179.56,178.69
2014-06-30 16:00:00,179.82,179.28
2014-07-01 16:00:00,181.19,179.83
2014-07-02 16:00:00,181.03,180.57
2014-07-03 16:00:00,181.78,181.2
2014-07-07 16:00:00,181.5,180.84
2014-07-08 16:00:00,180.82,179.5
2014-07-09 16:00:00,180.88,180
2014-07-10 16:00:00,180.47,178.84
2014-07-11 16:00:00,180.36,179.51
2014-07-14 16:00:00,181.41,181.02
2014-07-15 16:00:00,181.63,180.06
2014-07-16 16:00:00,181.76,181.01
2014-07-17 16:00:00,181.62,179.19
2014-07-18 16:00:00,181.44,179.94
2014-07-21 16:00:00,181.08,180.13
2014-07-22 16:00:00,182.04,181.42
2014-07-23 16:00:00,182.32,181.64
2014-07-24 16:00:00,182.5,181.97
2014-07-25 16:00:00,181.77,180.94
2014-07-28 16:00:00,181.6,180.28
2014-07-29 16:00:00,181.89,180.57
2014-07-30 16:00:00,181.44,179.86
2014-07-31 16:00:00,179.5,176.96
2014-08-01 16:00:00,177.62,175.65
2014-08-04 16:00:00,178.11,176.07
2014-08-05 16:00:00,177.48,175.4
2014-08-06 16:00:00,176.82,175.18
2014-08-07 16:00:00,177.04,174.7
2014-08-08 16:00:00,177.27,175.1
2014-08-11 16:00:00,178.47,177.61
2014-08-12 16:00:00,177.99,176.9
2014-08-13 16:00:00,178.83,177.87
2014-08-14 16:00:00,179.48,178.77
2014-08-15 16:00:00,180.3,178.18
2014-08-18 16:00:00,181.03,180.34
2014-08-19 16:00:00,182.03,181.23
2014-08-20 16:00:00,182.61,181.65
2014-08-21 16:00:00,183.17,182.42
2014-08-22 16:00:00,183.09,182.24
2014-08-25 16:00:00,183.86,183.27
2014-08-26 16:00:00,184.17,183.65
2014-08-27 16:00:00,183.9,183.34
2014-08-28 16:00:00,183.62,182.85
2014-08-29 16:00:00,184.06,183.23
2014-09-02 16:00:00,184.3,183.27
2014-09-03 16:00:00,184.68,183.59
2014-09-04 16:00:00,184.82,183.1
2014-09-05 16:00:00,184.47,182.88
2014-09-08 16:00:00,184.46,183.4
2014-09-09 16:00:00,183.88,182.41
2014-09-10 16:00:00,183.55,182.27
2014-09-11 16:00:00,183.7,182.61
2014-09-12 16:00:00,183.51,182.08
2014-09-15 16:00:00,182.74,181.89
2014-09-16 16:00:00,184.12,182
2014-09-17 16:00:00,184.92,183.2
2014-09-18 16:00:00,185.06,184.43
2014-09-19 16:00:00,185.84,184.58
2014-09-22 16:00:00,183.74,182.23
2014-09-23 16:00:00,182.7,181.51
2014-09-24 16:00:00,183.07,181.12
2014-09-25 16:00:00,182.52,179.99
2014-09-26 16:00:00,181.88,180.13
2014-09-29 16:00:00,181.45,179.77
2014-09-30 16:00:00,181.81,180.29
2014-10-01 16:00:00,180.42,177.81
2014-10-02 16:00:00,178.83,176.4
2014-10-03 16:00:00,180.55,178.88
2014-10-06 16:00:00,181.18,179.36
2014-10-07 16:00:00,179.45,177.2
2014-10-08 16:00:00,180.54,176.38
2014-10-09 16:00:00,180.22,176.6
2014-10-10 16:00:00,177.55,174.66
2014-10-13 16:00:00,175.25,171.73
2014-10-14 16:00:00,174.02,171.5
2014-10-15 16:00:00,171.3,166.85
2014-10-16 16:00:00,171.95,167.68
2014-10-17 16:00:00,173.98,172.04
2014-10-20 16:00:00,174.6,172.45
2014-10-21 16:00:00,178.04,175.59
2014-10-22 16:00:00,178.72,176.61
2014-10-23 16:00:00,179.85,178.17
2014-10-24 16:00:00,180.17,178.36
2014-10-27 16:00:00,180.13,178.87
2014-10-28 16:00:00,181.94,180.4
2014-10-29 16:00:00,182.58,180.47
2014-10-30 16:00:00,183.33,181.05
2014-10-31 16:00:00,185.05,184.1
2014-11-03 16:00:00,185.62,184.6
2014-11-04 16:00:00,184.85,183.45
2014-11-05 16:00:00,185.78,184.74
2014-11-06 16:00:00,186.38,184.9
2014-11-07 16:00:00,186.68,185.8
2014-11-10 16:00:00,187.1,186.27
2014-11-11 16:00:00,187.34,186.78
2014-11-12 16:00:00,187.28,186.46
2014-11-13 16:00:00,187.84,186.38
2014-11-14 16:00:00,187.53,186.85
2014-11-17 16:00:00,187.59,186.76
2014-11-18 16:00:00,188.82,187.48
2014-11-19 16:00:00,188.48,187.37
2014-11-20 16:00:00,188.64,187.29
2014-11-21 16:00:00,190.48,188.95
2014-11-24 16:00:00,190.21,189.77
2014-11-25 16:00:00,190.56,189.66
2014-11-26 16:00:00,190.52,189.88
2014-11-28 16:00:00,190.63,189.76
2014-12-01 16:00:00,189.39,188.36
2014-12-02 16:00:00,190.13,188.71
2014-12-03 16:00:00,190.88,189.97
2014-12-04 16:00:00,190.99,189.57
2014-12-05 16:00:00,191.19,190.35
2014-12-08 16:00:00,190.83,188.85
2014-12-09 16:00:00,189.47,186.98
2014-12-10 16:00:00,188.86,186.1
2014-12-11 16:00:00,189.07,186.81
2014-12-12 16:00:00,186.9,184.17
2014-12-15 16:00:00,185.72,182.27
2014-12-16 16:00:00,185.54,181.44
2014-12-17 16:00:00,185.55,181.84
2014-12-18 16:00:00,188.58,186
2014-12-19 16:00:00,190.13,188.59
2014-12-22 16:00:00,190.26,189.34
2014-12-23 16:00:00,190.97,190.3
2014-12-24 16:00:00,191.05,190.5
2014-12-26 16:00:00,191.52,190.99
2014-12-29 16:00:00,191.63,190.9
2014-12-30 16:00:00,191.09,190.3
2014-12-31 16:00:00,190.91,188.38
2015-01-02 16:00:00,189.72,187.26
2015-01-05 16:00:00,187.41,184.66
2015-01-06 16:00:00,185.88,182.36
2015-01-07 16:00:00,185.91,184.23
2015-01-08 16:00:00,189.05,187.07
2015-01-09 16:00:00,189.34,186.65
2015-01-12 16:00:00,187.6,185.19
2015-01-13 16:00:00,188.41,183.9
2015-01-14 16:00:00,184.4,182.11
2015-01-15 16:00:00,185.25,182.4
2015-01-16 16:00:00,185.08,182.09
2015-01-20 16:00:00,185.9,183.58
2015-01-21 16:00:00,186.74,184.3
2015-01-22 16:00:00,189.15,185.6
2015-01-23 16:00:00,189.02,187.79
2015-01-26 16:00:00,188.51,186.93
2015-01-27 16:00:00,187.18,185.02
2015-01-28 16:00:00,187.32,183.35
2015-01-29 16:00:00,185.53,182.21
2015-01-30 16:00:00,185.38,182.63
2015-02-02 16:00:00,185.26,181.47
2015-02-03 16:00:00,187.86,185.79
2015-02-04 16:00:00,188.35,186.65
2015-02-05 16:00:00,189.19,187.85
2015-02-06 16:00:00,190.05,187.94
2015-02-09 16:00:00,188.59,187.22
2015-02-10 16:00:00,189.93,187.85
2015-02-11 16:00:00,190.23,188.78
2015-02-12 16:00:00,191.65,190.47
2015-02-13 16:00:00,192.44,191.46
2015-02-17 16:00:00,192.88,191.79
2015-02-18 16:00:00,192.78,192
2015-02-19 16:00:00,192.97,191.89
2015-02-20 16:00:00,193.82,191.45
2015-02-23 16:00:00,193.73,193.03
2015-02-24 16:00:00,194.49,193.43
2015-02-25 16:00:00,194.65,193.71
2015-02-26 16:00:00,194.15,193.21
2015-02-27 16:00:00,194.05,193.19
2015-03-02 16:00:00,194.47,193.3
2015-03-03 16:00:00,194.02,192.69
2015-03-04 16:00:00,193.05,191.73
2015-03-05 16:00:00,193.33,192.48
2015-03-06 16:00:00,192.55,189.94
2015-03-09 16:00:00,191.47,190.42
2015-03-10 16:00:00,189.63,187.97
2015-03-11 16:00:00,188.47,187.47
2015-03-12 16:00:00,190,188.2
2015-03-13 16:00:00,189.79,187.62
2015-03-16 16:00:00,191.38,189.55
2015-03-17 16:00:00,191.13,189.83
2015-03-18 16:00:00,193.76,189.49
2015-03-19 16:00:00,192.85,191.75
2015-03-20 16:00:00,194.39,193.13
2015-03-23 16:00:00,193.49,192.49
2015-03-24 16:00:00,192.85,191.33
2015-03-25 16:00:00,191.87,188.57
2015-03-26 16:00:00,189.15,187.15
2015-03-27 16:00:00,188.78,187.83
2015-03-30 16:00:00,191.19,189.72
2015-03-31 16:00:00,191.78,189.17
2015-04-01 16:00:00,189.17,187.47
2015-04-02 16:00:00,189.69,188.27
2015-04-06 16:00:00,191.04,188.09
2015-04-07 16:00:00,191.33,189.97
2015-04-08 16:00:00,191.06,189.81
2015-04-09 16:00:00,191.71,189.96
2015-04-10 16:00:00,192.57,191.54
2015-04-13 16:00:00,193.04,191.6
2015-04-14 16:00:00,192.22,190.77
2015-04-15 16:00:00,193.42,192.45
2015-04-16 16:00:00,193.37,192.3
2015-04-17 16:00:00,191.77,189.75
2015-04-20 16:00:00,192.7,191.55
2015-04-21 16:00:00,193.26,191.8
2015-04-22 16:00:00,193.28,191.5
2015-04-23 16:00:00,194.26,192.5
2015-04-24 16:00:00,194.29,193.52
2015-04-27 16:00:00,194.74,193
2015-04-28 16:00:00,193.85,191.94
2015-04-29 16:00:00,193.66,192.14
2015-04-30 16:00:00,192.8,190.32
2015-05-01 16:00:00,193.18,191.85
2015-05-04 16:00:00,194.31,193.5
2015-05-05 16:00:00,193.8,191.33
2015-05-06 16:00:00,192.39,189.53
2015-05-07 16:00:00,191.9,190.24
2015-05-08 16:00:00,194.18,193.23
2015-05-11 16:00:00,194.2,192.96
2015-05-12 16:00:00,193.07,191.23
2015-05-13 16:00:00,193.61,192.26
2015-05-14 16:00:00,194.6,193.33
2015-05-15 16:00:00,194.88,194.22
2015-05-18 16:00:00,195.62,194.48
2015-05-19 16:00:00,195.77,194.96
2015-05-20 16:00:00,195.95,194.8
2015-05-21 16:00:00,195.93,194.83
2015-05-22 16:00:00,195.75,195.19
2015-05-26 16:00:00,194.77,192.7
2015-05-27 16:00:00,195.24,193.3
2015-05-28 16:00:00,194.87,194
2015-05-29 16:00:00,194.72,193.25
2015-06-01 16:00:00,194.64,193.09
2015-06-02 16:00:00,194.5,192.75
2015-06-03 16:00:00,194.93,193.74
2015-06-04 16:00:00,194.13,192.28
2015-06-05 16:00:00,193.02,191.58
2015-06-08 16:00:00,192.32,191.02
2015-06-09 16:00:00,191.65,190.37
2015-06-10 16:00:00,193.78,191.88
2015-06-11 16:00:00,194.37,193.63
2015-06-12 16:00:00,193.22,192.21
2015-06-15 16:00:00,191.97,190.47
2015-06-16 16:00:00,192.81,191.34
2015-06-17 16:00:00,193.69,191.95
2015-06-18 16:00:00,195.53,193.6
2015-06-19 16:00:00,194.85,193.85
2015-06-22 16:00:00,194.92,194.05
2015-06-23 16:00:00,194.76,194
2015-06-24 16:00:00,194.52,192.99
2015-06-25 16:00:00,193.69,192.36
2015-06-26 16:00:00,193.07,191.8
2015-06-29 16:00:00,191.43,188.26
2015-06-30 16:00:00,190.18,188.24
2015-07-01 16:00:00,190.75,189.45
2015-07-02 16:00:00,191,189.68
2015-07-06 16:00:00,190.4,188.48
2015-07-07 16:00:00,190.9,187.19
2015-07-08 16:00:00,189.59,187.31
2015-07-09 16:00:00,190.13,187.83
2015-07-10 16:00:00,190.71,189.35
2015-07-13 16:00:00,192.48,191.58
2015-07-14 16:00:00,193.53,192.27
2015-07-15 16:00:00,193.73,192.62
2015-07-16 16:00:00,194.67,194.05
2015-07-17 16:00:00,194.92,194.24
2015-07-20 16:00:00,195.46,194.6
2015-07-21 16:00:00,195.05,193.86
2015-07-22 16:00:00,194.16,193.38
2015-07-23 16:00:00,194.03,192.34
2015-07-24 16:00:00,192.89,190.36
2015-07-27 16:00:00,190.32,189.15
2015-07-28 16:00:00,192.1,189.63
2015-07-29 16:00:00,193.5,191.91
2015-07-30 16:00:00,193.48,192.02
2015-07-31 16:00:00,193.92,192.71
2015-08-03 16:00:00,193.01,191.33
2015-08-04 16:00:00,192.76,191.46
2015-08-05 16:00:00,193.75,192.31
2015-08-06 16:00:00,192.93,190.39
2015-08-07 16:00:00,190.99,189.69
2015-08-10 16:00:00,193.15,191.9
2015-08-11 16:00:00,192.04,190.5
2015-08-12 16:00:00,191.76,188.3
2015-08-13 16:00:00,192.12,190.77
2015-08-14 16:00:00,192.08,190.98
2015-08-17 16:00:00,193.09,190.86
2015-08-18 16:00:00,193.16,192.28
2015-08-19 16:00:00,192.55,190.12
2015-08-20 16:00:00,189.93,186.95
2015-08-21 16:00:00,186.03,181.04
2015-08-24 16:00:00,179.54,168.08
2015-08-25 16:00:00,179.8,171.37
2015-08-26 16:00:00,178.51,172.68
2015-08-27 16:00:00,182.8,178.94
2015-08-28 16:00:00,183.19,181.43
2015-08-31 16:00:00,182.54,180.6
2015-09-01 16:00:00,178.5,174.83
2015-09-02 16:00:00,179.13,176.4
2015-09-03 16:00:00,181.54,178.71
2015-09-04 16:00:00,177.69,175.64
2015-09-08 16:00:00,181.15,178.92
2015-09-09 16:00:00,182.85,178.17
2015-09-10 16:00:00,180.78,178.07
2015-09-11 16:00:00,180.42,178.33
2015-09-14 16:00:00,180.58,179.18
2015-09-15 16:00:00,182.42,179.77
2015-09-16 16:00:00,183.72,181.91
2015-09-17 16:00:00,185.99,182.74
2015-09-18 16:00:00,182.04,179.69
2015-09-21 16:00:00,181.2,178.94
2015-09-22 16:00:00,178.25,176.54
2015-09-23 16:00:00,178.45,176.85
2015-09-24 16:00:00,177.31,174.69
2015-09-25 16:00:00,178.71,175.83
2015-09-28 16:00:00,175.87,172.02
2015-09-29 16:00:00,173.92,171.36
2015-09-30 16:00:00,175.84,173.67
2015-10-01 16:00:00,176.43,174
2015-10-02 16:00:00,178.75,173.35
2015-10-05 16:00:00,182.18,180
2015-10-06 16:00:00,182.41,180.59
2015-10-07 16:00:00,183.19,181.05
2015-10-08 16:00:00,184.78,182.08
2015-10-09 16:00:00,185.08,183.91
2015-10-12 16:00:00,184.93,184.18
2015-10-13 16:00:00,185.31,183.39
2015-10-14 16:00:00,184.13,182.39
2015-10-15 16:00:00,185.49,183.02
2015-10-16 16:00:00,186.34,185.12
2015-10-19 16:00:00,186.43,185.31
2015-10-20 16:00:00,186.87,185.7
2015-10-21 16:00:00,186.81,184.86
2015-10-22 16:00:00,188.38,185.97
2015-10-23 16:00:00,190.63,189.14
2015-10-26 16:00:00,190.12,189.39
2015-10-27 16:00:00,189.76,188.65
2015-10-28 16:00:00,191.6,189.06
2015-10-29 16:00:00,191.85,190.89
2015-10-30 16:00:00,192,190.56
2015-11-02 16:00:00,193.09,190.85
2015-11-03 16:00:00,194.06,192.28
2015-11-04 16:00:00,193.9,192.28
2015-11-05 16:00:00,193.44,191.71
2015-11-06 16:00:00,192.83,191.12
2015-11-09 16:00:00,192.01,189.75
2015-11-10 16:00:00,191.25,189.91
2015-11-11 16:00:00,191.55,190.39
2015-11-12 16:00:00,189.81,187.78
2015-11-13 16:00:00,187.62,185.58
2015-11-16 16:00:00,188.55,185.36
2015-11-17 16:00:00,189.79,187.83
2015-11-18 16:00:00,191.51,188.89
2015-11-19 16:00:00,191.68,190.9
2015-11-20 16:00:00,192.66,191.5
2015-11-23 16:00:00,192.54,191.2
2015-11-24 16:00:00,192.38,190.18
2015-11-25 16:00:00,192.31,191.67
2015-11-27 16:00:00,192.38,191.5
2015-11-30 16:00:00,192.47,191.24
2015-12-01 16:00:00,193.3,191.78
2015-12-02 16:00:00,193.45,190.92
2015-12-03 16:00:00,191.75,187.73
2015-12-04 16:00:00,192.52,188.84
2015-12-07 16:00:00,191.88,189.98
2015-12-08 16:00:00,190.72,188.67
2015-12-09 16:00:00,191.32,187.2
2015-12-10 16:00:00,190.18,188.1
2015-12-11 16:00:00,187.15,184.75
2015-12-14 16:00:00,186.09,183.31
2015-12-15 16:00:00,188.96,187.53
2015-12-16 16:00:00,191.08,187.7
2015-12-17 16:00:00,191.16,187.82
2015-12-18 16:00:00,187.08,184.4
2015-12-21 16:00:00,185.07,183.47
2015-12-22 16:00:00,186.89,184.8
2015-12-23 16:00:00,188.94,187.57
2015-12-24 16:00:00,189.17,188.34
2015-12-28 16:00:00,188.18,187
2015-12-29 16:00:00,190.51,189.34
2015-12-30 16:00:00,189.99,188.67
2015-12-31 16:00:00,188.76,186.93
2016-01-04 16:00:00,184.32,182.08
2016-01-05 16:00:00,185.12,183.43
2016-01-06 16:00:00,183.38,181.19
2016-01-07 16:00:00,181,177.5
2016-01-08 16:00:00,179.53,175.65
2016-01-11 16:00:00,177.32,174.06
2016-01-12 16:00:00,178.36,175.26
2016-01-13 16:00:00,178.64,172.72
2016-01-14 16:00:00,177.18,172.06
2016-01-15 16:00:00,173.06,170.1
2016-01-19 16:00:00,174.29,170.72
2016-01-20 16:00:00,171.88,165.96
2016-01-21 16:00:00,173.14,169.33
2016-01-22 16:00:00,174.86,173.18
2016-01-25 16:00:00,174.33,171.83
2016-01-26 16:00:00,174.66,172.39
2016-01-27 16:00:00,175.62,171.5
2016-01-28 16:00:00,174.35,171.65
2016-01-29 16:00:00,177.75,174.08
2016-02-01 16:00:00,178.39,175.91
2016-02-02 16:00:00,176.09,173.8
2016-02-03 16:00:00,175.81,171.57
2016-02-04 16:00:00,176.7,174.23
2016-02-05 16:00:00,175.19,171.65
2016-02-08 16:00:00,170.62,167.62
2016-02-09 16:00:00,171.37,167.97
2016-02-10 16:00:00,172.65,169.72
2016-02-11 16:00:00,168.72,166.05
2016-02-12 16:00:00,171.14,168.7
2016-02-16 16:00:00,174.01,172.05
2016-02-17 16:00:00,177.25,175.12
2016-02-18 16:00:00,177.22,175.8
2016-02-19 16:00:00,176.2,174.65
2016-02-22 16:00:00,178.75,177.71
2016-02-23 16:00:00,178.19,176.22
2016-02-24 16:00:00,177.45,173.6
2016-02-25 16:00:00,179.31,176.83
2016-02-26 16:00:00,180.36,178.74
2016-02-29 16:00:00,179.95,177.38
2016-03-01 16:00:00,181.75,178.33
2016-03-02 16:00:00,182.54,180.91
2016-03-03 16:00:00,183.23,181.7
2016-03-04 16:00:00,184.66,182.55
2016-03-07 16:00:00,184.39,182.75
2016-03-08 16:00:00,183.33,181.78
2016-03-09 16:00:00,183.22,182.01
2016-03-10 16:00:00,184.39,181.03
2016-03-11 16:00:00,186.01,184.46
2016-03-14 16:00:00,186.2,185.07
2016-03-15 16:00:00,185.46,184.42
2016-03-16 16:00:00,186.93,184.86
2016-03-17 16:00:00,188.24,186
2016-03-18 16:00:00,188.79,187.91
2016-03-21 16:00:00,187.94,186.91
2016-03-22 16:00:00,188.21,186.71
2016-03-23 16:00:00,187.36,186.18
2016-03-24 16:00:00,186.32,185.01
2016-03-28 16:00:00,186.94,185.92
2016-03-29 16:00:00,188.22,185.63
2016-03-30 16:00:00,189.72,188.58
2016-03-31 16:00:00,189.29,188.32
2016-04-01 16:00:00,189.96,187.1
2016-04-04 16:00:00,189.9,188.83
2016-04-05 16:00:00,188.21,187
2016-04-06 16:00:00,189.38,187.09
2016-04-07 16:00:00,188.5,186.26
2016-04-08 16:00:00,188.77,186.99
2016-04-11 16:00:00,188.99,187.03
2016-04-12 16:00:00,189.18,186.83
2016-04-13 16:00:00,190.85,189.71
2016-04-14 16:00:00,191.31,190.41
2016-04-15 16:00:00,190.85,190.22
2016-04-18 16:00:00,191.94,189.85
2016-04-19 16:00:00,192.78,191.64
2016-04-20 16:00:00,193.43,192.05
2016-04-21 16:00:00,192.82,191.37
2016-04-22 16:00:00,191.94,190.69
2016-04-25 16:00:00,191.36,190.35
2016-04-26 16:00:00,192.16,191.14
2016-04-27 16:00:00,192.44,190.8
2016-04-28 16:00:00,192.4,189.85
2016-04-29 16:00:00,189.98,188.05
2016-05-02 16:00:00,190.95,189.34
2016-05-03 16:00:00,189.66,188.28
2016-05-04 16:00:00,188.78,187.47
2016-05-05 16:00:00,188.9,187.57
2016-05-06 16:00:00,188.72,187
2016-05-09 16:00:00,189.27,188.36
2016-05-10 16:00:00,191.21,189.54
2016-05-11 16:00:00,191.07,189.39
2016-05-12 16:00:00,190.29,188.36
2016-05-13 16:00:00,189.71,187.46
2016-05-16 16:00:00,190.16,187.93
2016-05-17 16:00:00,189.65,187.33
2016-05-18 16:00:00,189.2,186.78
2016-05-19 16:00:00,187.59,185.97
2016-05-20 16:00:00,189.05,187.9
2016-05-23 16:00:00,188.78,188.02
2016-05-24 16:00:00,191.01,189.08
2016-05-25 16:00:00,192.42,191.36
2016-05-26 16:00:00,192.36,191.68
2016-05-27 16:00:00,192.83,192.16
2016-05-31 16:00:00,193.27,191.88
2016-06-01 16:00:00,193.06,191.63
2016-06-02 16:00:00,193.48,191.92
2016-06-03 16:00:00,193.26,191.59
2016-06-06 16:00:00,194.24,193.12
2016-06-07 16:00:00,194.78,194.02
2016-06-08 16:00:00,194.95,194.21
2016-06-09 16:00:00,194.69,193.75
2016-06-10 16:00:00,193.43,192.12
2016-06-13 16:00:00,192.97,191.12
2016-06-14 16:00:00,191.45,189.8
2016-06-15 16:00:00,191.96,190.36
2016-06-16 16:00:00,191.33,188.57
2016-06-17 16:00:00,191.1,189.73
2016-06-20 16:00:00,193.26,191.56
2016-06-21 16:00:00,191.65,190.65
2016-06-22 16:00:00,192.21,190.78
2016-06-23 16:00:00,193.44,192
2016-06-24 16:00:00,189.82,186
2016-06-27 16:00:00,185.06,182.27
2016-06-28 16:00:00,186.44,184.53
2016-06-29 16:00:00,189.86,187.86
2016-06-30 16:00:00,192.24,189.53
2016-07-01 16:00:00,193.12,192.07
2016-07-05 16:00:00,191.82,190.57
2016-07-06 16:00:00,192.49,189.97
2016-07-07 16:00:00,193.26,191.44
2016-07-08 16:00:00,195.36,193.41
2016-07-11 16:00:00,196.41,195.41
2016-07-12 16:00:00,197.54,196.59
2016-07-13 16:00:00,197.69,196.69
2016-07-14 16:00:00,198.8,197.89
2016-07-15 16:00:00,198.93,197.56
2016-07-18 16:00:00,198.74,197.9
2016-07-19 16:00:00,198.39,197.88
2016-07-20 16:00:00,199.44,198.41
2016-07-21 16:00:00,199.32,197.97
2016-07-22 16:00:00,199.38,198.3
2016-07-25 16:00:00,199.17,198.17
2016-07-26 16:00:00,199.25,197.97
2016-07-27 16:00:00,199.34,197.85
2016-07-28 16:00:00,199.21,197.98
2016-07-29 16:00:00,199.6,198.32
2016-08-01 16:00:00,199.71,198.58
2016-08-02 16:00:00,198.94,196.88
2016-08-03 16:00:00,198.42,197.4
2016-08-04 16:00:00,198.9,198.05
2016-08-05 16:00:00,200.22,199.19
2016-08-08 16:00:00,200.51,199.79
2016-08-09 16:00:00,200.73,199.86
2016-08-10 16:00:00,200.4,199.33
2016-08-11 16:00:00,200.89,200
2016-08-12 16:00:00,200.7,200.04
2016-08-15 16:00:00,201.41,200.85
2016-08-16 16:00:00,200.66,200
2016-08-17 16:00:00,200.53,199.14
2016-08-18 16:00:00,200.86,200.25
2016-08-19 16:00:00,200.72,199.81
2016-08-22 16:00:00,200.75,199.88
2016-08-23 16:00:00,201.51,200.86
2016-08-24 16:00:00,200.87,199.46
2016-08-25 16:00:00,200.21,199.33
2016-08-26 16:00:00,201.05,198.44
2016-08-29 16:00:00,200.65,199.49
2016-08-30 16:00:00,200.57,199.45
2016-08-31 16:00:00,199.82,198.65
2016-09-01 16:00:00,199.79,198.24
2016-09-02 16:00:00,200.83,199.78
2016-09-06 16:00:00,201.04,199.92
2016-09-07 16:00:00,201.15,200.32
2016-09-08 16:00:00,200.92,200.19
2016-09-09 16:00:00,199.18,195.67
2016-09-12 16:00:00,198.95,194.8
2016-09-13 16:00:00,196.51,194.12
2016-09-14 16:00:00,196.12,194.12
2016-09-15 16:00:00,197.07,194.37
2016-09-16 16:00:00,196.19,195.17
2016-09-19 16:00:00,197.28,195.64
2016-09-20 16:00:00,197.03,195.93
2016-09-21 16:00:00,198.34,195.98
2016-09-22 16:00:00,199.71,198.98
2016-09-23 16:00:00,199.11,198.22
2016-09-26 16:00:00,197.6,196.5
2016-09-27 16:00:00,198.01,196.16
2016-09-28 16:00:00,199.07,197.13
2016-09-29 16:00:00,199.11,196.54
2016-09-30 16:00:00,199.34,197.75
2016-10-03 16:00:00,198.35,197.45
2016-10-04 16:00:00,198.47,196.48
2016-10-05 16:00:00,198.44,197.72
2016-10-06 16:00:00,198.34,197.16
2016-10-07 16:00:00,198.6,196.65
2016-10-10 16:00:00,198.95,198.31
2016-10-11 16:00:00,198.07,195.19
2016-10-12 16:00:00,196.74,195.59
2016-10-13 16:00:00,196.11,193.92
2016-10-14 16:00:00,197.12,195.61
2016-10-17 16:00:00,195.93,194.81
2016-10-18 16:00:00,196.76,195.82
2016-10-19 16:00:00,197.08,196.13
2016-10-20 16:00:00,196.97,195.7
2016-10-21 16:00:00,196.57,195.38
2016-10-24 16:00:00,197.65,196.95
2016-10-25 16:00:00,197.39,196.48
2016-10-26 16:00:00,196.86,195.53
2016-10-27 16:00:00,197.07,195.65
2016-10-28 16:00:00,196.4,194.4
2016-10-31 16:00:00,195.74,194.98
2016-11-01 16:00:00,195.54,192.45
2016-11-02 16:00:00,193.81,192.1
2016-11-03 16:00:00,193,191.39
2016-11-04 16:00:00,192.71,191.32
2016-11-07 16:00:00,195.74,194.01
2016-11-08 16:00:00,197.18,195.02
2016-11-09 16:00:00,199.34,194.92
2016-11-10 16:00:00,200.44,197.61
2016-11-11 16:00:00,198.96,197.7
2016-11-14 16:00:00,199.49,198.06
2016-11-15 16:00:00,200.42,199.07
2016-11-16 16:00:00,200.29,199.65
2016-11-17 16:00:00,201.13,200.12
2016-11-18 16:00:00,201.32,200.44
2016-11-21 16:00:00,202.18,201.11
2016-11-22 16:00:00,202.73,201.77
2016-11-23 16:00:00,202.71,201.77
2016-11-25 16:00:00,203.5,202.96
2016-11-28 16:00:00,203.37,202.35
2016-11-29 16:00:00,203.35,202.17
2016-11-30 16:00:00,203.69,202.31
2016-12-01 16:00:00,202.71,201.24
2016-12-02 16:00:00,202.23,201.35
2016-12-05 16:00:00,203.3,202.42
2016-12-06 16:00:00,203.63,202.64
2016-12-07 16:00:00,206.32,203.3
2016-12-08 16:00:00,207.27,205.95
2016-12-09 16:00:00,208.03,206.98
2016-12-12 16:00:00,208.42,207.34
2016-12-13 16:00:00,209.7,208.47
2016-12-14 16:00:00,209.59,206.98
2016-12-15 16:00:00,209.23,207.58
2016-12-16 16:00:00,208.84,207.55
2016-12-19 16:00:00,208.8,207.93
2016-12-20 16:00:00,209.31,208.68
2016-12-21 16:00:00,209.2,208.57
2016-12-22 16:00:00,207.24,206.5
2016-12-23 16:00:00,207.22,206.77
2016-12-27 16:00:00,208.15,207.48
2016-12-28 16:00:00,208.07,205.91
2016-12-29 16:00:00,206.47,205.51
2016-12-30 16:00:00,206.43,204.51
2017-01-03 16:00:00,207.33,205.56
2017-01-04 16:00:00,208.18,207.12
2017-01-05 16:00:00,208.04,207.01
2017-01-06 16:00:00,209.09,207.4
2017-01-09 16:00:00,208.48,207.89
2017-01-10 16:00:00,208.82,207.51
2017-01-11 16:00:00,208.51,207.12
2017-01-12 16:00:00,208.19,206.54
2017-01-13 16:00:00,208.78,208.13
2017-01-17 16:00:00,208.21,207.33
2017-01-18 16:00:00,208.22,207.42
2017-01-19 16:00:00,208.43,206.97
2017-01-20 16:00:00,208.7,207.56
2017-01-23 16:00:00,208.21,206.83
2017-01-24 16:00:00,209.4,207.75
2017-01-25 16:00:00,210.77,209.79
2017-01-26 16:00:00,210.9,210.25
2017-01-27 16:00:00,210.76,210.03
2017-01-30 16:00:00,209.52,207.88
2017-01-31 16:00:00,208.97,207.79
2017-02-01 16:00:00,209.86,208.37
2017-02-02 16:00:00,209.4,208.23
2017-02-03 16:00:00,210.73,209.77
2017-02-06 16:00:00,210.54,209.84
2017-02-07 16:00:00,210.84,209.99
2017-02-08 16:00:00,210.61,209.63
2017-02-09 16:00:00,212.04,210.74
2017-02-10 16:00:00,212.8,212.01
2017-02-13 16:00:00,214,213.07
2017-02-14 16:00:00,214.59,213.16
2017-02-15 16:00:00,215.89,214.31
2017-02-16 16:00:00,215.9,214.73
2017-02-17 16:00:00,215.84,214.79
2017-02-21 16:00:00,217.32,216.25
2017-02-22 16:00:00,217.19,216.55
2017-02-23 16:00:00,217.54,216.3
2017-02-24 16:00:00,217.42,216.16
2017-02-27 16:00:00,217.9,217.02
2017-02-28 16:00:00,217.58,216.72
2017-03-01 16:00:00,220.66,218.87
2017-03-02 16:00:00,220.02,218.75
2017-03-03 16:00:00,219.09,218.31
2017-03-06 16:00:00,218.65,217.63
2017-03-07 16:00:00,218.33,217.42
2017-03-08 16:00:00,218.2,217.07
2017-03-09 16:00:00,217.84,216.46
2017-03-10 16:00:00,218.56,217.26
2017-03-13 16:00:00,218.41,217.86
2017-03-14 16:00:00,217.81,216.89
2017-03-15 16:00:00,219.85,217.87
2017-03-16 16:00:00,219.65,218.65
2017-03-17 16:00:00,219.44,218.56
2017-03-20 16:00:00,218.89,217.98
2017-03-21 16:00:00,219.13,215.41
2017-03-22 16:00:00,215.34,213.95
2017-03-23 16:00:00,216.02,214.44
2017-03-24 16:00:00,215.77,213.88
2017-03-27 16:00:00,214.72,212.62
2017-03-28 16:00:00,216.46,214.05
2017-03-29 16:00:00,216.47,215.48
2017-03-30 16:00:00,217.13,215.98
2017-03-31 16:00:00,217.11,216.35
2017-04-03 16:00:00,216.69,214.74
2017-04-04 16:00:00,216.25,215.33
2017-04-05 16:00:00,217.93,215.34
2017-04-06 16:00:00,216.68,215.22
2017-04-07 16:00:00,216.64,215.4
2017-04-10 16:00:00,216.88,215.5
2017-04-11 16:00:00,215.88,214.25
2017-04-12 16:00:00,215.69,214.62
2017-04-13 16:00:00,215.24,213.47
2017-04-17 16:00:00,215.35,213.8
2017-04-18 16:00:00,215.24,213.98
2017-04-19 16:00:00,215.7,214.06
2017-04-20 16:00:00,216.5,214.62
2017-04-21 16:00:00,216.02,214.93
2017-04-24 16:00:00,217.95,217.23
2017-04-25 16:00:00,219.36,218.29
2017-04-26 16:00:00,219.9,218.81
2017-04-27 16:00:00,219.36,218.47
2017-04-28 16:00:00,219.34,218.43
2017-05-01 16:00:00,219.57,218.65
2017-05-02 16:00:00,219.38,218.77
2017-05-03 16:00:00,219.17,218.24
2017-05-04 16:00:00,219.35,218.31
2017-05-05 16:00:00,220.06,219.12
2017-05-08 16:00:00,220.25,219.57
2017-05-09 16:00:00,220.49,219.44
2017-05-10 16:00:00,220.22,219.55
2017-05-11 16:00:00,219.93,218.62
2017-05-12 16:00:00,219.6,219.12
2017-05-15 16:00:00,220.72,219.83
2017-05-16 16:00:00,220.94,220
2017-05-17 16:00:00,219.07,216.42
2017-05-18 16:00:00,218.24,216.13
2017-05-19 16:00:00,219.47,217.83
2017-05-22 16:00:00,220.05,219.23
2017-05-23 16:00:00,220.54,219.9
2017-05-24 16:00:00,221,220.28
2017-05-25 16:00:00,222.24,221.21
2017-05-26 16:00:00,222.07,221.67
2017-05-30 16:00:00,221.97,221.42
2017-05-31 16:00:00,222.08,220.92
2017-06-01 16:00:00,223.45,221.86
2017-06-02 16:00:00,224.32,223.17
2017-06-05 16:00:00,224.28,223.81
2017-06-06 16:00:00,223.95,223.2
2017-06-07 16:00:00,223.93,222.93
2017-06-08 16:00:00,224.31,223.24
2017-06-09 16:00:00,224.93,222.1
2017-06-12 16:00:00,223.48,222.51
2017-06-13 16:00:00,224.57,223.64
2017-06-14 16:00:00,224.84,223.38
2017-06-15 16:00:00,223.93,222.51
2017-06-16 16:00:00,224.06,222.94
2017-06-19 16:00:00,225.77,224.62
2017-06-20 16:00:00,225.36,224.18
2017-06-21 16:00:00,224.72,223.64
2017-06-22 16:00:00,224.66,223.87
2017-06-23 16:00:00,223.65,222.72
2017-06-26 16:00:00,224.45,223.24
2017-06-27 16:00:00,223.52,221.63
2017-06-28 16:00:00,223.84,222.5
2017-06-29 16:00:00,223.92,220.42
2017-06-30 16:00:00,222.91,221.86
2017-07-03 16:00:00,223.53,222.47
2017-07-05 16:00:00,223.17,222
2017-07-06 16:00:00,222.25,220.72
2017-07-07 16:00:00,222.52,221.38
2017-07-10 16:00:00,222.99,222.04
2017-07-11 16:00:00,222.76,221.22
2017-07-12 16:00:00,224.28,223.47
2017-07-13 16:00:00,224.61,223.89
2017-07-14 16:00:00,225.9,224.39
2017-07-17 16:00:00,225.86,225.34
2017-07-18 16:00:00,225.69,224.73
2017-07-19 16:00:00,226.86,225.96
2017-07-20 16:00:00,227.25,226.4
2017-07-21 16:00:00,226.78,226.11
2017-07-24 16:00:00,226.83,226.22
2017-07-25 16:00:00,227.59,227.02
2017-07-26 16:00:00,227.59,226.98
2017-07-27 16:00:00,227.78,225.65
2017-07-28 16:00:00,226.92,226.09
2017-07-31 16:00:00,227.3,226.44
2017-08-01 16:00:00,227.32,226.68
2017-08-02 16:00:00,227.42,226.29
2017-08-03 16:00:00,227.18,226.55
2017-08-04 16:00:00,227.59,226.84
2017-08-07 16:00:00,227.66,227.2
2017-08-08 16:00:00,228.62,226.73
2017-08-09 16:00:00,227.15,226
2017-08-10 16:00:00,226.35,223.85
2017-08-11 16:00:00,224.82,223.87
2017-08-14 16:00:00,226.67,225.56
2017-08-15 16:00:00,226.87,226.1
2017-08-16 16:00:00,227.39,226.37
2017-08-17 16:00:00,226.5,223.28
2017-08-18 16:00:00,224.27,222.45
2017-08-21 16:00:00,223.36,222.12
2017-08-22 16:00:00,225.6,223.69
2017-08-23 16:00:00,225.06,224.26
2017-08-24 16:00:00,225.17,223.88
2017-08-25 16:00:00,225.58,224.47
2017-08-28 16:00:00,225.21,224.19
2017-08-29 16:00:00,225.16,223.15
2017-08-30 16:00:00,226.24,224.69
2017-08-31 16:00:00,227.58,226.55
2017-09-01 16:00:00,228.11,227.51
2017-09-05 16:00:00,227.35,224.98
2017-09-06 16:00:00,227.14,226.19
2017-09-07 16:00:00,227.13,226.34
2017-09-08 16:00:00,226.98,226.25
2017-09-11 16:00:00,229.01,227.84
2017-09-12 16:00:00,229.72,229.13
2017-09-13 16:00:00,229.85,229.28
2017-09-14 16:00:00,229.94,229.31
2017-09-15 16:00:00,230.13,229.49
2017-09-18 16:00:00,230.9,230.12
2017-09-19 16:00:00,230.85,230.44
2017-09-20 16:00:00,229.78,228.63
2017-09-21 16:00:00,229.58,228.87
2017-09-22 16:00:00,229.26,228.72
2017-09-25 16:00:00,229.2,227.86
2017-09-26 16:00:00,229.32,228.53
2017-09-27 16:00:00,230.06,228.6
2017-09-28 16:00:00,230.01,229.29
2017-09-29 16:00:00,230.83,229.74
2017-10-02 16:00:00,231.73,230.91
2017-10-03 16:00:00,232.25,231.67
2017-10-04 16:00:00,232.78,231.98
2017-10-05 16:00:00,233.93,232.76
2017-10-06 16:00:00,233.7,233.18
2017-10-09 16:00:00,233.93,232.98
2017-10-10 16:00:00,234.25,233.29
2017-10-11 16:00:00,234.24,233.6
2017-10-12 16:00:00,234.27,233.64
2017-10-13 16:00:00,234.47,234.02
2017-10-16 16:00:00,234.69,234.04
2017-10-17 16:00:00,234.69,234.22
2017-10-18 16:00:00,235.09,234.68
2017-10-19 16:00:00,234.99,233.62
2017-10-20 16:00:00,236.19,235.53
2017-10-23 16:00:00,236.49,235.15
2017-10-24 16:00:00,235.89,235.27
2017-10-25 16:00:00,235.41,233.29
2017-10-26 16:00:00,235.41,234.67
2017-10-27 16:00:00,236.88,235.3
2017-10-30 16:00:00,236.62,235.53
2017-10-31 16:00:00,236.47,235.9
2017-11-01 16:00:00,237.39,236.13
2017-11-02 16:00:00,236.77,235.32
2017-11-03 16:00:00,237.44,236.34
2017-11-06 16:00:00,237.89,237.21
2017-11-07 16:00:00,238.22,237.11
2017-11-08 16:00:00,238.12,237.15
2017-11-09 16:00:00,237.34,235.48
2017-11-10 16:00:00,237.18,236.4
2017-11-13 16:00:00,237.52,236.31
2017-11-14 16:00:00,236.85,235.64
2017-11-15 16:00:00,236.24,234.82
2017-11-16 16:00:00,237.93,236.5
2017-11-17 16:00:00,237.39,236.79
2017-11-20 16:00:00,237.47,236.86
2017-11-21 16:00:00,239,238
2017-11-22 16:00:00,238.95,238.44
2017-11-24 16:00:00,239.28,238.99
2017-11-27 16:00:00,239.53,238.83
2017-11-28 16:00:00,241.48,239.44
2017-11-29 16:00:00,242.18,240.84
2017-11-30 16:00:00,244.4,242.23
2017-12-01 16:00:00,243.71,239.52
2017-12-04 16:00:00,245.07,242.59
2017-12-05 16:00:00,243.58,241.63
2017-12-06 16:00:00,242.26,241.33
2017-12-07 16:00:00,242.91,241.55
2017-12-08 16:00:00,243.92,243.2
2017-12-11 16:00:00,244.71,243.9
2017-12-12 16:00:00,245.58,244.69
2017-12-13 16:00:00,245.8,244.97
2017-12-14 16:00:00,245.48,244
2017-12-15 16:00:00,246.55,245.07
2017-12-18 16:00:00,248.01,247.45
2017-12-19 16:00:00,247.95,246.63
2017-12-20 16:00:00,247.77,246.27
2017-12-21 16:00:00,247.81,246.82
2017-12-22 16:00:00,247.13,246.44
2017-12-26 16:00:00,245.71,245.26
2017-12-27 16:00:00,246.02,245.38
2017-12-28 16:00:00,246.21,245.77
2017-12-29 16:00:00,246.77,245.03
2018-01-02 16:00:00,247.09,245.74
2018-01-03 16:00:00,248.7,247.18
2018-01-04 16:00:00,250.12,249.17
2018-01-05 16:00:00,251.4,249.95
2018-01-08 16:00:00,251.88,250.87
2018-01-09 16:00:00,252.94,251.91
2018-01-10 16:00:00,252.17,250.82
2018-01-11 16:00:00,253.73,252.33
2018-01-12 16:00:00,255.56,253.9
2018-01-16 16:00:00,257.4,253.8
2018-01-17 16:00:00,257.35,254.74
2018-01-18 16:00:00,257.27,256.02
2018-01-19 16:00:00,257.69,256.53
2018-01-22 16:00:00,259.78,257.45
2018-01-23 16:00:00,260.63,259.51
2018-01-24 16:00:00,261.63,259.02
2018-01-25 16:00:00,261.22,259.53
2018-01-26 16:00:00,263.37,260.97
2018-01-29 16:00:00,263.25,261.48
2018-01-30 16:00:00,260.35,258.46
2018-01-31 16:00:00,260.38,257.95
2018-02-01 16:00:00,260.12,257.95
2018-02-02 16:00:00,257.5,253.09
2018-02-05 16:00:00,253.47,241.92
2018-02-06 16:00:00,247.81,237.67
2018-02-07 16:00:00,250.28,245.92
2018-02-08 16:00:00,246.43,236.7
2018-02-09 16:00:00,242.2,232.42
2018-02-12 16:00:00,245.32,240.66
2018-02-13 16:00:00,245,241.97
2018-02-14 16:00:00,248.12,242.84
2018-02-15 16:00:00,250.97,246.98
2018-02-16 16:00:00,253,250.17
2018-02-20 16:00:00,251.51,248.6
2018-02-21 16:00:00,252.44,248.11
2018-02-22 16:00:00,250.9,247.81
2018-02-23 16:00:00,252.49,249.3
2018-02-26 16:00:00,255.5,252.99
2018-02-27 16:00:00,256.34,252.14
2018-02-28 16:00:00,253.82,249.34
2018-03-01 16:00:00,251.03,244.45
2018-03-02 16:00:00,247.86,243.33
2018-03-05 16:00:00,250.79,245.95
2018-03-06 16:00:00,251.25,249.23
2018-03-07 16:00:00,251.07,248.36
2018-03-08 16:00:00,252.02,250.36
2018-03-09 16:00:00,256.26,253.05
2018-03-12 16:00:00,257.25,255.58
2018-03-13 16:00:00,257.71,253.71
2018-03-14 16:00:00,255.51,252.46
2018-03-15 16:00:00,254.21,252.22
2018-03-16 16:00:00,254.08,252.97
2018-03-19 16:00:00,252.26,247.87
2018-03-20 16:00:00,250.66,249.33
2018-03-21 16:00:00,252.12,249.31
2018-03-22 16:00:00,248.08,243.03
2018-03-23 16:00:00,244.52,237.92
2018-03-26 16:00:00,243.81,238.32
2018-03-27 16:00:00,245.04,237.77
2018-03-28 16:00:00,241.22,237.53
2018-03-29 16:00:00,243.61,239.08
2018-04-02 16:00:00,241.7,233.92
2018-04-03 16:00:00,240,235.93
2018-04-04 16:00:00,242.81,235.7
2018-04-05 16:00:00,244.89,242.8
2018-04-06 16:00:00,243.51,236.98
2018-04-09 16:00:00,243.25,239.32
2018-04-10 16:00:00,244.38,241.57
2018-04-11 16:00:00,243.99,241.95
2018-04-12 16:00:00,245.25,243.47
2018-04-13 16:00:00,245.84,242.5
2018-04-16 16:00:00,246.35,244.41
2018-04-17 16:00:00,248.81,246.88
2018-04-18 16:00:00,249.22,247.94
2018-04-19 16:00:00,247.89,245.96
2018-04-20 16:00:00,247.13,243.97
2018-04-23 16:00:00,246.08,243.75
2018-04-24 16:00:00,246.12,240.01
2018-04-25 16:00:00,242.63,239.6
2018-04-26 16:00:00,245.47,242.77
2018-04-27 16:00:00,245.57,243.89
2018-04-30 16:00:00,246.05,242.85
2018-05-01 16:00:00,243.52,240.76
2018-05-02 16:00:00,244.02,241.36
2018-05-03 16:00:00,241.9,237.92
2018-05-04 16:00:00,245.06,239.89
2018-05-07 16:00:00,246.19,244.46
2018-05-08 16:00:00,245.53,243.57
2018-05-09 16:00:00,247.9,245.36
2018-05-10 16:00:00,250.2,248.25
2018-05-11 16:00:00,250.92,249.48
2018-05-14 16:00:00,251.76,250.21
2018-05-15 16:00:00,249.52,248.06
2018-05-16 16:00:00,250.54,249.07
2018-05-17 16:00:00,250.99,249.08
2018-05-18 16:00:00,249.85,248.89
2018-05-21 16:00:00,251.68,250.43
2018-05-22 16:00:00,251.94,250.1
2018-05-23 16:00:00,251.15,248.95
2018-05-24 16:00:00,251,248.76
2018-05-25 16:00:00,250.64,249.49
2018-05-29 16:00:00,249.08,245.97
2018-05-30 16:00:00,250.88,248.43
2018-05-31 16:00:00,250.3,248.28
2018-06-01 16:00:00,251.65,250.17
2018-06-04 16:00:00,252.8,251.96
2018-06-05 16:00:00,253.13,251.87
2018-06-06 16:00:00,254.96,252.72
2018-06-07 16:00:00,255.7,253.88
2018-06-08 16:00:00,255.62,254.19
2018-06-11 16:00:00,256.67,255.7
2018-06-12 16:00:00,256.63,255.6
2018-06-13 16:00:00,256.77,255.23
2018-06-14 16:00:00,256.62,255.46
2018-06-15 16:00:00,256.07,254.13
2018-06-18 16:00:00,255.36,253.71
2018-06-19 16:00:00,254.46,252.42
2018-06-20 16:00:00,255.37,254.32
2018-06-21 16:00:00,254.67,252.58
2018-06-22 16:00:00,254.52,253.32
2018-06-25 16:00:00,252.51,248.35
2018-06-26 16:00:00,251.53,249.91
2018-06-27 16:00:00,252.73,248.43
2018-06-28 16:00:00,249.6,246.63
2018-06-29 16:00:00,251.36,249.1
2018-07-02 16:00:00,249.89,247.32
2018-07-03 13:00:00,250.76,248.44
2018-07-05 16:00:00,250.94,248.91
2018-07-06 16:00:00,253.39,250.52
2018-07-09 16:00:00,255.32,254.01
2018-07-10 16:00:00,256.3,255.45
2018-07-11 16:00:00,255.41,254.03
2018-07-12 16:00:00,256.66,255.01
2018-07-13 16:00:00,257.16,255.99
2018-07-16 16:00:00,257.01,256.16
2018-07-17 16:00:00,258.06,255.8
2018-07-18 16:00:00,258.32,257.28
2018-07-19 16:00:00,257.9,256.75
2018-07-20 16:00:00,257.65,256.78
2018-07-23 16:00:00,257.61,256.4
2018-07-24 16:00:00,259.57,257.82
2018-07-25 16:00:00,261.25,258.43
2018-07-26 16:00:00,261.01,260.1
2018-07-27 16:00:00,260.74,257.58
2018-07-30 16:00:00,258.78,256.64
2018-07-31 16:00:00,259.09,257.6
2018-08-01 16:00:00,259.19,257.35
2018-08-02 16:00:00,259.6,256.48
2018-08-03 16:00:00,260.66,259.39
2018-08-06 16:00:00,261.83,260.2
2018-08-07 16:00:00,262.78,262.08
2018-08-08 16:00:00,262.67,261.79
2018-08-09 16:00:00,262.74,261.76
2018-08-10 16:00:00,260.96,259.43
2018-08-13 16:00:00,261.07,258.9
2018-08-14 16:00:00,261.07,259.55
2018-08-15 16:00:00,259.55,257.39
2018-08-16 16:00:00,261.89,260.35
2018-08-17 16:00:00,262.38,260.35
2018-08-20 16:00:00,262.74,261.9
2018-08-21 16:00:00,263.97,262.86
2018-08-22 16:00:00,263.45,262.39
2018-08-23 16:00:00,263.63,262.21
2018-08-24 16:00:00,264.29,263.11
2018-08-27 16:00:00,266.35,265.26
2018-08-28 16:00:00,266.83,265.89
2018-08-29 16:00:00,268.05,266.34
2018-08-30 16:00:00,267.71,266.12
2018-08-31 16:00:00,267.22,265.83
2018-09-04 16:00:00,266.66,265.26
2018-09-05 16:00:00,266.13,264.52
2018-09-06 16:00:00,265.99,263.7
2018-09-07 16:00:00,265.26,263.45
2018-09-10 16:00:00,265.57,264.51
2018-09-11 16:00:00,266.05,263.68
2018-09-12 16:00:00,266.26,264.83
2018-09-13 16:00:00,267.42,266.47
2018-09-14 16:00:00,267.62,266.47
2018-09-17 16:00:00,267.26,265.59
2018-09-18 16:00:00,267.92,266.09
2018-09-19 16:00:00,268.03,267.23
2018-09-20 16:00:00,270.1,268.79
2018-09-21 16:00:00,270.67,269.37
2018-09-24 16:00:00,269.07,268.02
2018-09-25 16:00:00,269.17,268.15
2018-09-26 16:00:00,268.54,265.95
2018-09-27 16:00:00,268.24,266.6
2018-09-28 16:00:00,267.65,266.43
2018-10-01 16:00:00,269.18,267.39
2018-10-02 16:00:00,268.67,267.55
2018-10-03 16:00:00,269.47,267.72
2018-10-04 16:00:00,267.66,264.37
2018-10-05 16:00:00,266.77,263.02
2018-10-08 16:00:00,264.85,262.38
2018-10-09 16:00:00,265.45,263.55
2018-10-10 16:00:00,263.62,255.37
2018-10-11 16:00:00,256.29,248.45
2018-10-12 16:00:00,254.64,250.3
2018-10-15 16:00:00,254.56,252.04
2018-10-16 16:00:00,258.1,253.7
2018-10-17 16:00:00,258.34,255.07
2018-10-18 16:00:00,257.35,252.69
2018-10-19 16:00:00,256.62,253.15
2018-10-22 16:00:00,254.86,252.17
2018-10-23 16:00:00,252.58,246.84
2018-10-24 16:00:00,251.55,243.25
2018-10-25 16:00:00,249.79,244.67
2018-10-26 16:00:00,246.98,241.04
2018-10-29 16:00:00,248.35,238.79
2018-10-30 16:00:00,246.38,241.8
2018-10-31 16:00:00,251.08,248.27
2018-11-01 16:00:00,251.54,248.46
2018-11-02 16:00:00,252.9,247.75
2018-11-05 16:00:00,251.79,249.39
2018-11-06 16:00:00,252.98,251.12
2018-11-07 16:00:00,258.32,254.65
2018-11-08 16:00:00,258.44,256.65
2018-11-09 16:00:00,256.64,253.81
2018-11-12 16:00:00,254.96,249.95
2018-11-13 16:00:00,253.01,249.28
2018-11-14 16:00:00,252.34,246.66
2018-11-15 16:00:00,251.39,245.43
2018-11-16 16:00:00,252.47,249.26
2018-11-19 16:00:00,251.21,246.35
2018-11-20 16:00:00,245.32,241.83
2018-11-21 16:00:00,245.44,243.52
2018-11-23 13:00:00,243.35,241.73
2018-11-26 16:00:00,245.84,243.85
2018-11-27 16:00:00,246.6,244.12
2018-11-28 16:00:00,252.33,246.75
2018-11-29 16:00:00,253.25,250.36
2018-11-30 16:00:00,253.94,251.35
2018-12-03 16:00:00,257.74,255.06
2018-12-04 16:00:00,256.27,248.06
2018-12-06 16:00:00,248.09,241.13
2018-12-07 16:00:00,249.24,241.37
2018-12-10 16:00:00,243.62,237.62
2018-12-11 16:00:00,246.12,241.19
2018-12-12 16:00:00,247.16,243.85
2018-12-13 16:00:00,245.76,242.7
2018-12-14 16:00:00,242.63,238.77
2018-12-17 16:00:00,238.22,231.68
2018-12-18 16:00:00,235.68,231.48
2018-12-19 16:00:00,237,227.78
2018-12-20 16:00:00,229.9,223.54
2018-12-21 16:00:00,229.46,220.57
2018-12-24 13:00:00,220.8,215.07
2018-12-26 16:00:00,226.1,214.83
2018-12-27 16:00:00,228.12,219.6
2018-12-28 16:00:00,231.07,226.52
2018-12-31 16:00:00,229.97,227.45
2019-01-02 16:00:00,230.85,226.02
2019-01-03 16:00:00,228.42,223.97
2019-01-04 16:00:00,232.62,227.15
2019-01-07 16:00:00,235.23,231.32
2019-01-08 16:00:00,236.46,233.43
2019-01-09 16:00:00,237.94,235.46
2019-01-10 16:00:00,238.17,234.85
2019-01-11 16:00:00,238,236.24
2019-01-14 16:00:00,237.39,235.69
2019-01-15 16:00:00,239.59,236.97
2019-01-16 16:00:00,240.77,239.52
2019-01-17 16:00:00,242.55,238.95
2019-01-18 16:00:00,245.37,242.76
2019-01-22 16:00:00,243.58,239.97
2019-01-23 16:00:00,243.34,239.58
2019-01-24 16:00:00,242.82,240.91
2019-01-25 16:00:00,245.11,243.67
2019-01-28 16:00:00,242.49,240.63
2019-01-29 16:00:00,243.12,241.27
2019-01-30 16:00:00,246.78,242.88
2019-01-31 16:00:00,248.53,245.68
2019-02-01 16:00:00,249.29,247.46
2019-02-04 16:00:00,250.02,247.59
2019-02-05 16:00:00,251.33,249.92
2019-02-06 16:00:00,251.22,249.95
2019-02-07 16:00:00,249.58,246.62
2019-02-08 16:00:00,248.71,246.2
2019-02-11 16:00:00,249.51,248.22
2019-02-12 16:00:00,252.36,250.34
2019-02-13 16:00:00,253.66,252.39
2019-02-14 16:00:00,253.36,250.83
2019-02-15 16:00:00,255,253.81
2019-02-19 16:00:00,256.09,254.15
2019-02-20 16:00:00,256.38,254.89
2019-02-21 16:00:00,255.64,254.04
2019-02-22 16:00:00,256.81,255.45
2019-02-25 16:00:00,258.61,256.88
2019-02-26 16:00:00,257.64,256.41
2019-02-27 16:00:00,257.02,255.1
2019-02-28 16:00:00,256.88,255.85
2019-03-01 16:00:00,258.21,256.33
2019-03-04 16:00:00,259.1,254.49
2019-03-05 16:00:00,257.17,255.96
2019-03-06 16:00:00,256.62,254.6
2019-03-07 16:00:00,254.6,251.95
2019-03-08 16:00:00,252.45,250.34
2019-03-11 16:00:00,256.12,253.02
2019-03-12 16:00:00,257.46,256.37
2019-03-13 16:00:00,259.59,257.69
2019-03-14 16:00:00,259.12,258.04
2019-03-15 16:00:00,260.57,258.87
2019-03-18 16:00:00,260.99,259.77
2019-03-19 16:00:00,262.59,259.88
2019-03-20 16:00:00,261.77,258.84
2019-03-21 16:00:00,261.86,257.68
2019-03-22 16:00:00,260.61,256.37
2019-03-25 16:00:00,257.28,254.95
2019-03-26 16:00:00,259.12,256.73
2019-03-27 16:00:00,258.73,255.23
2019-03-28 16:00:00,258.22,256.27
2019-03-29 16:00:00,259.72,258.18
2019-04-01 16:00:00,262.78,261.19
2019-04-02 16:00:00,262.85,261.81
2019-04-03 16:00:00,264.25,262.4
2019-04-04 16:00:00,263.96,262.67
2019-04-05 16:00:00,265.06,264.12
2019-04-08 16:00:00,265.31,263.91
2019-04-09 16:00:00,264.54,263.29
2019-04-10 16:00:00,264.84,263.85
2019-04-11 16:00:00,265.24,264.09
2019-04-12 16:00:00,266.77,265.63
2019-04-15 16:00:00,266.64,265.47
2019-04-16 16:00:00,267.24,265.86
2019-04-17 16:00:00,267.61,265.4
2019-04-18 16:00:00,266.6,265.08
2019-04-22 16:00:00,266.71,265.47
2019-04-23 16:00:00,269.19,266.71
2019-04-24 16:00:00,269.21,268.23
2019-04-25 16:00:00,268.88,266.98
2019-04-26 16:00:00,269.54,267.46
2019-04-29 16:00:00,270.41,269.46
2019-04-30 16:00:00,270.31,268.11
2019-05-01 16:00:00,270.87,268
2019-05-02 16:00:00,268.8,265.93
2019-05-03 16:00:00,270.32,268.7
2019-05-06 16:00:00,269.36,265.31
2019-05-07 16:00:00,267.08,262.48
2019-05-08 16:00:00,265.82,263.47
2019-05-09 16:00:00,263.84,260.2
2019-05-10 16:00:00,265.38,259.27
2019-05-13 16:00:00,260.34,257.07
2019-05-14 16:00:00,261.82,258.84
2019-05-15 16:00:00,262.45,258.4
2019-05-16 16:00:00,265.6,262.45
2019-05-17 16:00:00,265.02,261.86
2019-05-20 16:00:00,262.11,260.02
2019-05-21 16:00:00,263.51,262.25
2019-05-22 16:00:00,263.29,261.87
2019-05-23 16:00:00,260.1,257.68
2019-05-24 16:00:00,260.99,259.06
2019-05-28 16:00:00,260.96,257.29
2019-05-29 16:00:00,256.52,254.1
2019-05-30 16:00:00,257.18,255.14
2019-05-31 16:00:00,254.49,252.77
2019-06-03 16:00:00,253.96,250.77
2019-06-04 16:00:00,257.76,254.03
2019-06-05 16:00:00,259.88,257.42
2019-06-06 16:00:00,262.26,259.51
2019-06-07 16:00:00,265.29,262.45
2019-06-10 16:00:00,267.1,265.3
2019-06-11 16:00:00,267.65,264.69
2019-06-12 16:00:00,265.7,264.36
2019-06-13 16:00:00,266.36,265.11
2019-06-14 16:00:00,266.29,264.91
2019-06-17 16:00:00,266.56,265.62
2019-06-18 16:00:00,269.66,267.3
2019-06-19 16:00:00,269.72,267.76
2019-06-20 16:00:00,272.19,269.73
2019-06-21 16:00:00,272.79,271.17
2019-06-24 16:00:00,271.92,270.9
2019-06-25 16:00:00,271.13,268.27
2019-06-26 16:00:00,269.82,268.02
2019-06-27 16:00:00,268.19,267.17
2019-06-28 16:00:00,269.55,268.18
2019-07-01 16:00:00,272.65,270.3
2019-07-02 16:00:00,272.25,270.62
2019-07-03 13:00:00,274.37,272.76
2019-07-05 16:00:00,274.25,271.86
2019-07-08 16:00:00,273.06,272.03
2019-07-09 16:00:00,273.22,271.34
2019-07-10 16:00:00,275.19,273.46
2019-07-11 16:00:00,275.11,273.85
2019-07-12 16:00:00,276.19,275.06
2019-07-15 16:00:00,276.55,275.71
2019-07-16 16:00:00,276.27,274.99
2019-07-17 16:00:00,275.4,273.42
2019-07-18 16:00:00,274.79,272.47
2019-07-19 16:00:00,275.54,272.7
2019-07-22 16:00:00,274.11,272.79
2019-07-23 16:00:00,275.5,273.89
2019-07-24 16:00:00,276.79,274.67
2019-07-25 16:00:00,276.41,274.68
2019-07-26 16:00:00,277.55,276.1
2019-07-29 16:00:00,277.27,276.26
2019-07-30 16:00:00,276.56,275.04
2019-07-31 16:00:00,276.61,271.07
2019-08-01 16:00:00,276.28,269.94
2019-08-02 16:00:00,270.08,267.15
2019-08-05 16:00:00,264.68,258.7
2019-08-06 16:00:00,264.47,261.06
2019-08-07 16:00:00,265.23,258.99
2019-08-08 16:00:00,269.59,265.4
2019-08-09 16:00:00,269.29,266
2019-08-12 16:00:00,266.79,263.57
2019-08-13 16:00:00,270.1,263.91
2019-08-14 16:00:00,265.15,260.57
2019-08-15 16:00:00,262.27,259.34
2019-08-16 16:00:00,265.68,263.02
2019-08-19 16:00:00,269.14,267.64
2019-08-20 16:00:00,268.49,266.29
2019-08-21 16:00:00,268.93,267.92
2019-08-22 16:00:00,269.91,266.7
2019-08-23 16:00:00,268.84,260.33
2019-08-26 16:00:00,264.47,262.27
2019-08-27 16:00:00,266.26,262.71
2019-08-28 16:00:00,265.45,262
2019-08-29 16:00:00,269.23,266.9
2019-08-30 16:00:00,270.21,267.66
2019-09-03 16:00:00,267.8,265.68
2019-09-04 16:00:00,270.06,268.48
2019-09-05 16:00:00,274.44,272.46
2019-09-06 16:00:00,274.39,273.19
2019-09-09 16:00:00,274.83,272.96
2019-09-10 16:00:00,273.88,271.87
2019-09-11 16:00:00,275.84,273.5
2019-09-12 16:00:00,277.8,275.94
2019-09-13 16:00:00,277.54,276.15
2019-09-16 16:00:00,276.1,275.04
2019-09-17 16:00:00,276.48,275.34
2019-09-18 16:00:00,276.68,273.95
2019-09-19 16:00:00,277.98,276.23
2019-09-20 16:00:00,277.41,274.5
2019-09-23 16:00:00,275.9,274.33
2019-09-24 16:00:00,276.68,272.06
2019-09-25 16:00:00,275.08,271.6
2019-09-26 16:00:00,273.55,271.35
2019-09-27 16:00:00,273.59,269.72
2019-09-30 16:00:00,273.27,271.79
2019-10-01 16:00:00,274.08,269.09
2019-10-02 16:00:00,267.73,263.25
2019-10-03 16:00:00,266.73,261.59
2019-10-04 16:00:00,270.56,267.36
2019-10-07 16:00:00,271.16,268.9
2019-10-08 16:00:00,268.02,264.96
2019-10-09 16:00:00,268.44,266.39
2019-10-10 16:00:00,270.2,267.25
2019-10-11 16:00:00,274.35,271.94
2019-10-14 16:00:00,272.45,271.48
2019-10-15 16:00:00,275.25,272.77
2019-10-16 16:00:00,274.73,273.62
2019-10-17 16:00:00,275.72,274.19
2019-10-18 16:00:00,274.97,272.81
2019-10-21 16:00:00,275.72,274.57
2019-10-22 16:00:00,276.33,274.52
2019-10-23 16:00:00,275.48,274.18
2019-10-24 16:00:00,276.51,275.05
2019-10-25 16:00:00,277.54,275.28
2019-10-28 16:00:00,279.07,278.22
2019-10-29 16:00:00,279.43,278.18
2019-10-30 16:00:00,279.69,277.38
2019-10-31 16:00:00,279.35,277.15
2019-11-01 16:00:00,281.21,279.91
2019-11-04 16:00:00,282.9,281.96
2019-11-05 16:00:00,282.82,281.71
2019-11-06 16:00:00,282.34,281.12
2019-11-07 16:00:00,284.23,282.58
2019-11-08 16:00:00,283.8,282
2019-11-11 16:00:00,283.37,282.24
2019-11-12 16:00:00,284.72,283.03
2019-11-13 16:00:00,284.32,282.59
2019-11-14 16:00:00,284.4,282.99
2019-11-15 16:00:00,286.43,285
2019-11-18 16:00:00,286.85,285.71
2019-11-19 16:00:00,287.24,285.88
2019-11-20 16:00:00,286.42,283.89
2019-11-21 16:00:00,285.64,284.17
2019-11-22 16:00:00,285.86,284.6
2019-11-25 16:00:00,287.84,286.57
2019-11-26 16:00:00,288.68,287.57
2019-11-27 16:00:00,289.78,288.76
2019-11-29 13:00:00,289.48,288.48
2019-12-02 16:00:00,289.03,285.84
2019-12-03 16:00:00,284.43,282.1
2019-12-04 16:00:00,286.7,285.07
2019-12-05 16:00:00,286.83,285.29
2019-12-06 16:00:00,289.65,288.55
2019-12-09 16:00:00,289.52,288.27
2019-12-10 16:00:00,288.94,287.35
2019-12-11 16:00:00,289.08,288.08
2019-12-12 16:00:00,292.1,288.61
2019-12-13 16:00:00,292.76,290.3
2019-12-16 16:00:00,294.11,293.22
2019-12-17 16:00:00,294.19,293.5
2019-12-18 16:00:00,294.22,293.57
2019-12-19 16:00:00,294.88,293.75
2019-12-20 16:00:00,296.76,295.78
2019-12-23 16:00:00,295.53,294.99
2019-12-24 13:00:00,295.4,294.85
2019-12-26 16:00:00,296.69,295.52
2019-12-27 16:00:00,297.51,296.15
2019-12-30 16:00:00,296.84,294.51
2019-12-31 16:00:00,295.99,294.17
2020-01-02 16:00:00,298.45,296.34
2020-01-03 16:00:00,297.36,295.04
2020-01-06 16:00:00,297.42,294.35
2020-01-07 16:00:00,297.27,296.06
2020-01-08 16:00:00,299.31,296.47
2020-01-09 16:00:00,300.19,299.09
2020-01-10 16:00:00,300.86,298.79
2020-01-13 16:00:00,301.32,299.48
2020-01-14 16:00:00,301.91,300.32
2020-01-15 16:00:00,302.3,300.69
2020-01-16 16:00:00,304.04,302.71
2020-01-17 16:00:00,305.2,304.2
2020-01-21 16:00:00,305.22,304
2020-01-22 16:00:00,305.92,304.32
2020-01-23 16:00:00,304.97,302.66
2020-01-24 16:00:00,305.52,300.81
2020-01-27 16:00:00,298.73,296.45
2020-01-28 16:00:00,301.22,298.22
2020-01-29 16:00:00,301.94,299.92
2020-01-30 16:00:00,301.29,297.3
2020-01-31 16:00:00,300.6,294.72
2020-02-03 16:00:00,299.67,297.03
2020-02-04 16:00:00,303.23,301.16
2020-02-05 16:00:00,306.08,303.87
2020-02-06 16:00:00,307.08,305.81
2020-02-07 16:00:00,306.59,304.74
2020-02-10 16:00:00,307.56,304.35
2020-02-11 16:00:00,309.69,307.61
2020-02-12 16:00:00,310.27,309.17
2020-02-13 16:00:00,310.72,308.36
2020-02-14 16:00:00,310.33,309
2020-02-18 16:00:00,309.82,308.03
2020-02-19 16:00:00,311.59,310.12
2020-02-20 16:00:00,311.19,306.67
2020-02-21 16:00:00,308.58,305.62
2020-02-24 16:00:00,299.38,295.17
2020-02-25 16:00:00,298.23,286.36
2020-02-26 16:00:00,292.28,285.48
2020-02-27 16:00:00,284.48,273.36
2020-02-28 16:00:00,272.92,262.25
2020-03-02 16:00:00,284.04,270.49
2020-03-03 16:00:00,288.32,273.36
2020-03-04 16:00:00,287.65,278.7
2020-03-05 16:00:00,283.41,275.61
2020-03-06 16:00:00,274.46,266.6
2020-03-09 16:00:00,260.99,251.15
2020-03-10 16:00:00,263.81,250
2020-03-11 16:00:00,257.72,247.62
2020-03-12 16:00:00,243.68,225.81
2020-03-13 16:00:00,247.78,228.1
2020-03-16 16:00:00,234.77,218.14
2020-03-17 16:00:00,233.95,216.6
2020-03-18 16:00:00,224.74,208.31
2020-03-19 16:00:00,226,212.11
2020-03-20 16:00:00,224.56,210.05
2020-03-23 16:00:00,210.78,200.55
2020-03-24 16:00:00,224.3,214.83
2020-03-25 16:00:00,235.51,220.32
2020-03-26 16:00:00,241.44,228.85
2020-03-27 16:00:00,239.64,230.66
2020-03-30 16:00:00,241.1,232.97
2020-03-31 16:00:00,241.94,235.44
2020-04-01 16:00:00,231.05,224.13
2020-04-02 16:00:00,232.18,224.72
2020-04-03 16:00:00,232.71,225.34
2020-04-06 16:00:00,245.3,235.93
2020-04-07 16:00:00,252.8,243.46
2020-04-08 16:00:00,253.05,244.05
2020-04-09 16:00:00,258.39,253.14
2020-04-13 16:00:00,254.95,249.38
2020-04-14 16:00:00,261.63,257.21
2020-04-15 16:00:00,256.9,253.11
2020-04-16 16:00:00,257.3,253.4
2020-04-17 16:00:00,264,259.5
2020-04-20 16:00:00,263.1,258.58
2020-04-21 16:00:00,255.49,250
2020-04-22 16:00:00,258.23,254.48
2020-04-23 16:00:00,260.9,256.2
2020-04-24 16:00:00,260.7,255.94
2020-04-27 16:00:00,264.91,261.57
2020-04-28 16:00:00,267.79,262.3
2020-04-29 16:00:00,271,266.91
2020-04-30 16:00:00,268.58,265.23
2020-05-01 16:00:00,262.85,258.74
2020-05-04 16:00:00,260.9,256.53
2020-05-05 16:00:00,265.81,262.6
2020-05-06 16:00:00,265.11,261.14
2020-05-07 16:00:00,266.3,263.9
2020-05-08 16:00:00,269.14,266.38
2020-05-11 16:00:00,270.2,266.43
2020-05-12 16:00:00,270.4,263.33
2020-05-13 16:00:00,263.9,256.36
2020-05-14 16:00:00,262,253.97
2020-05-15 16:00:00,263.11,258.56
2020-05-18 16:00:00,272.7,269.06
2020-05-19 16:00:00,272.25,268.34
2020-05-20 16:00:00,273.79,271.69
2020-05-21 16:00:00,273.59,269.95
2020-05-22 16:00:00,271.72,269.5
2020-05-26 16:00:00,277.74,274.55
2020-05-27 16:00:00,279.05,272.86
2020-05-28 16:00:00,282.04,277.81
2020-05-29 16:00:00,280.35,275.36
2020-06-01 16:00:00,281.49,278.57
2020-06-02 16:00:00,283.28,280.46
2020-06-03 16:00:00,287.93,284.93
2020-06-04 16:00:00,287.75,284.2
2020-06-05 16:00:00,295.38,291.61
2020-06-08 16:00:00,297.32,293.88
2020-06-09 16:00:00,296.39,293.63
2020-06-10 16:00:00,296.39,292.59
2020-06-11 16:00:00,294.5,275.8
2020-06-12 16:00:00,284.15,274.5
2020-06-15 16:00:00,283.35,272.77
2020-06-16 16:00:00,290.2,282.83
2020-06-17 16:00:00,289.02,285.88
2020-06-18 16:00:00,287.12,284.55
2020-06-19 16:00:00,290.27,283.67
2020-06-22 16:00:00,287.19,283.26
2020-06-23 16:00:00,290.43,287.76
2020-06-24 16:00:00,286.7,278.97
2020-06-25 16:00:00,284.1,278.22
2020-06-26 16:00:00,282.92,276.52
2020-06-29 16:00:00,279.72,274.72
2020-06-30 16:00:00,284.95,279.15
2020-07-01 16:00:00,286.51,283.95
2020-07-02 16:00:00,290.05,286.18
2020-07-06 16:00:00,291.58,289.9
2020-07-07 16:00:00,291.68,287.89
2020-07-08 16:00:00,290.55,287.29
2020-07-09 16:00:00,291.3,285.41
2020-07-10 16:00:00,292.01,287.34
2020-07-13 16:00:00,296.45,288.61
2020-07-14 16:00:00,293.32,286.63
2020-07-15 16:00:00,296.75,293.35
2020-07-16 16:00:00,295.11,293.15
2020-07-17 16:00:00,296.35,293.75
2020-07-20 16:00:00,298.68,294.6
2020-07-21 16:00:00,300.35,297.66
2020-07-22 16:00:00,300.56,298.11
2020-07-23 16:00:00,300.62,295.38
2020-07-24 16:00:00,295.81,293.3
2020-07-27 16:00:00,297.12,294.74
2020-07-28 16:00:00,297.33,294.79
2020-07-29 16:00:00,299.26,295.9
2020-07-30 16:00:00,298.06,293.67
2020-07-31 16:00:00,300.1,295.24
2020-08-03 16:00:00,302.82,301.13
2020-08-04 16:00:00,303.26,301.22
2020-08-05 16:00:00,305.4,304.31
2020-08-06 16:00:00,307.29,304.25
2020-08-07 16:00:00,307.6,305.32
2020-08-10 16:00:00,308.5,305.92
2020-08-11 16:00:00,310.12,305.07
2020-08-12 16:00:00,310.81,308.2
2020-08-13 16:00:00,310.78,308.56
2020-08-14 16:00:00,310.02,308.34
2020-08-17 16:00:00,310.87,310.09
2020-08-18 16:00:00,311.55,309.28
2020-08-19 16:00:00,312.28,309.31
2020-08-20 16:00:00,311.27,308.02
2020-08-21 16:00:00,312.1,310.17
2020-08-24 16:00:00,315.17,313.37
2020-08-25 16:00:00,316.26,314.5
2020-08-26 16:00:00,319.63,316.25
2020-08-27 16:00:00,321.5,318.47
2020-08-28 16:00:00,322.28,319.95
2020-08-31 16:00:00,322.83,320.8
2020-09-01 16:00:00,324.1,320.94
2020-09-02 16:00:00,329.67,324.78
2020-09-03 16:00:00,327.51,314.81
2020-09-04 16:00:00,319.6,306.9
2020-09-08 16:00:00,310.59,305.85
2020-09-09 16:00:00,314.66,309.29
2020-09-10 16:00:00,314.71,305.82
2020-09-11 16:00:00,309.59,304.17
2020-09-14 16:00:00,312.75,309.61
2020-09-15 16:00:00,314.26,311.52
2020-09-16 16:00:00,315.18,311.04
2020-09-17 16:00:00,310.27,305.96
2020-09-18 16:00:00,309.48,302.55
2020-09-21 16:00:00,301.75,296.83
2020-09-22 16:00:00,305.24,300.67
2020-09-23 16:00:00,305.55,297.17
2020-09-24 16:00:00,301.46,295.04
2020-09-25 16:00:00,304.04,296.72
2020-09-28 16:00:00,309.02,306.43
2020-09-29 16:00:00,307.51,304.65
2020-09-30 16:00:00,310.75,305.85
2020-10-01 16:00:00,311.11,307.76
2020-10-02 16:00:00,308.58,304.21
2020-10-05 16:00:00,312.29,308.69
2020-10-06 16:00:00,314.32,307.18
2020-10-07 16:00:00,313.81,310.6
2020-10-08 16:00:00,315.85,314.05
2020-10-09 16:00:00,319.1,316.85
2020-10-12 16:00:00,325.22,320.66
2020-10-13 16:00:00,323.73,320.71
2020-10-14 16:00:00,323.3,318.93
2020-10-15 16:00:00,319.7,315.23
2020-10-16 16:00:00,322.21,318.9
2020-10-19 16:00:00,320.89,313.33
2020-10-20 16:00:00,318.67,314.78
2020-10-21 16:00:00,317.52,314.59
2020-10-22 16:00:00,317.16,312.99
2020-10-23 16:00:00,317.84,315.24
2020-10-26 16:00:00,315.08,308.36
2020-10-27 16:00:00,312.47,310.56
2020-10-28 16:00:00,305.74,299.62
2020-10-29 16:00:00,306.25,298.69
2020-10-30 16:00:00,302.86,296.37
2020-11-02 16:00:00,305.31,300.63
2020-11-03 16:00:00,310.74,306.09
2020-11-04 16:00:00,319.65,312
2020-11-05 16:00:00,323.55,320.52
2020-11-06 16:00:00,322.92,319.43
2020-11-09 16:00:00,335.2,325.28
2020-11-10 16:00:00,326.3,322.06
2020-11-11 16:00:00,328.5,326.17
2020-11-12 16:00:00,327.44,322.73
2020-11-13 16:00:00,329.73,325.89
2020-11-16 16:00:00,333.12,330.41
2020-11-17 16:00:00,332.5,329.25
2020-11-18 16:00:00,332.14,327.29
2020-11-19 16:00:00,329.09,325.41
2020-11-20 16:00:00,328.66,326.4
2020-11-23 16:00:00,329.6,326.06
2020-11-24 16:00:00,334.25,330.1
2020-11-25 16:00:00,333.67,332.15
2020-11-27 13:00:00,334.61,333.18
2020-11-30 16:00:00,333.63,330.04
2020-12-01 16:00:00,337.8,335.32
2020-12-02 16:00:00,337.11,334.65
2020-12-03 16:00:00,338.3,335.88
2020-12-04 16:00:00,339.84,337.45
2020-12-07 16:00:00,339.63,337.91
2020-12-08 16:00:00,340.7,337.85
2020-12-09 16:00:00,340.93,336.26
2020-12-10 16:00:00,338,334.84
2020-12-11 16:00:00,336.8,333.77
2020-12-14 16:00:00,339.79,334.89
2020-12-15 16:00:00,339.64,336.24
2020-12-16 16:00:00,341.04,338.96
2020-12-17 16:00:00,342.25,340.96
2020-12-18 16:00:00,342.5,338.7
2020-12-21 16:00:00,340.38,334.11
2020-12-22 16:00:00,338.55,336.47
2020-12-23 16:00:00,339.75,337.69
2020-12-24 13:00:00,339.18,337.77
2020-12-28 16:00:00,342.46,341.09
2020-12-29 16:00:00,343.77,340.87
2020-12-30 16:00:00,342.91,341.57
2020-12-31 16:00:00,344.37,341.23
2021-01-04 16:00:00,345.09,335.37
2021-01-05 16:00:00,342.39,338.39
2021-01-06 16:00:00,346.5,339.3
2021-01-07 16:00:00,349.2,345.54
2021-01-08 16:00:00,350.62,346.64
2021-01-11 16:00:00,349.82,347.2
2021-01-12 16:00:00,349.15,345.97
2021-01-13 16:00:00,350.06,347.32
2021-01-14 16:00:00,350.32,347.55
2021-01-15 16:00:00,347.06,343.53
2021-01-19 16:00:00,348.59,346.36
2021-01-20 16:00:00,353.71,349.97
2021-01-21 16:00:00,353.84,352.3
2021-01-22 16:00:00,353.04,350.99
2021-01-25 16:00:00,353.68,347.97
2021-01-26 16:00:00,354.65,352.6
2021-01-27 16:00:00,349.56,341.99
2021-01-28 16:00:00,351.07,345.58
2021-01-29 16:00:00,346.22,338.57
2021-02-01 16:00:00,346.85,341.4
2021-02-02 16:00:00,352.34,349
2021-02-03 16:00:00,352.8,349.88
2021-02-04 16:00:00,355.04,351.92
2021-02-05 16:00:00,357.13,355.32
2021-02-08 16:00:00,359.07,357.06
2021-02-09 16:00:00,359.33,357.77
2021-02-10 16:00:00,360.61,356.3
2021-02-11 16:00:00,360.1,356.84
2021-02-12 16:00:00,361.19,358.36
2021-02-16 16:00:00,362.37,359.98
2021-02-17 16:00:00,360.97,357.92
2021-02-18 16:00:00,359.93,356.49
2021-02-19 16:00:00,360.71,358.14
2021-02-22 16:00:00,358.19,355.56
2021-02-23 16:00:00,357.56,349.53
2021-02-24 16:00:00,360.58,354.2
2021-02-25 16:00:00,360.27,350.08
2021-02-26 16:00:00,354.47,347.71
2021-03-01 16:00:00,359.39,354.5
2021-03-02 16:00:00,358.63,355.16
2021-03-03 16:00:00,355.64,350.56
2021-03-04 16:00:00,353.02,341.92
2021-03-05 16:00:00,353.73,342.59
2021-03-08 16:00:00,356.4,350.66
2021-03-09 16:00:00,358.46,354.23
2021-03-10 16:00:00,359.84,356.88
2021-03-11 16:00:00,363.76,360.16
2021-03-12 16:00:00,362.45,359.67
2021-03-15 16:00:00,364.75,360.45
2021-03-16 16:00:00,365.78,363.25
2021-03-17 16:00:00,366.05,361.62
2021-03-18 16:00:00,364.76,359.28
2021-03-19 16:00:00,361.17,357.14
2021-03-22 16:00:00,363.5,359.76
2021-03-23 16:00:00,362.94,358.51
2021-03-24 16:00:00,362.27,357.42
2021-03-25 16:00:00,360.24,354.14
2021-03-26 16:00:00,364.37,358.75
2021-03-29 16:00:00,364.68,361.11
2021-03-30 16:00:00,363.47,361.27
2021-03-31 16:00:00,365.82,363.39
2021-04-01 16:00:00,368.29,366.03
2021-04-05 16:00:00,374.07,370.81
2021-04-06 16:00:00,374.33,372.67
2021-04-07 16:00:00,374.08,372.72
2021-04-08 16:00:00,375.56,374.06
2021-04-09 16:00:00,378.4,375.33
2021-04-12 16:00:00,378.65,377.08
2021-04-13 16:00:00,380.12,377.92
2021-04-14 16:00:00,380.51,377.7
2021-04-15 16:00:00,382.54,380.28
